supasacco@yahoo.com,,,,,,,,,,,,,,,,,,,
kenpipe.sacco@kpc.co.ke,,,,,,,,,,,,,,,,,,,
christine.bunyoha@nyatisacco.co.ke,Christine,Bunyoha,,,,,,,,,,,,,,,,,
wmnjogu@gmail.com,Watson,Njogu,,,,,,,,,,,,,,,,,
ktlteasacco@yahoo.com,,,,,,,,,,,,,,,,,,,
info@orientsacco.co.ke,,,,,,,,,,,,,,,,,,,
tibraisha@gmail.com,Beatrice,Awinja,,,,,,,,,,,,,,,,,
info@shirikasacco.co.ke,,,,,,,,,,,,,,,,,,,
rukuriri2@yahoo.com,,,,,,,,,,,,,,,,,,,
naemamudeizi@yahoo.com,Lulu,Mudeizi,,,,,,,,,,,,,,,,,
yetusacco@yahoo.com,,,,,,,,,,,,,,,,,,,
pgakuyia@gmail.com,Peter,gakuiyia,,,,,,,,,,,,,,,,,
enyange@ardhisacco.com,Ephraim,Nyange,,,,,,,,,,,,,,,,,
mwietherisacco@yahoo.com,,,,,,,,,,,,,,,,,,,
info@achievassacco.co.ke,,,,,,,,,,,,,,,,,,,
info@nawiri.co.ke,,,,,,,,,,,,,,,,,,,
eneasacco@gmail.com,,,,,,,,,,,,,,,,,,,
lilymwihaki@gmail.com,Lilian,Mwihaki,,,,,,,,,,,,,,,,,
info@fundilimasacco.co.ke,,,,,,,,,,,,,,,,,,,
nteacherssacco@yahoo.com,,,,,,,,,,,,,,,,,,,
barakasaccosociety@yahoo.com,,,,,,,,,,,,,,,,,,,
richardoluoch2016@gmail.com,Richard,Oluoch,,,,,,,,,,,,,,,,,
ceo@gdcsacco.co.ke,Charles,Kioko,,,,,,,,,,,,,,,,,
ilkisonkosacco@gmail.com,,,,,,,,,,,,,,,,,,,
info@tarajisacco.co.ke,,,,,,,,,,,,,,,,,,,
info@centenarysacco.org,,,,,,,,,,,,,,,,,,,
info@comocosacco.co.ke,,,,,,,,,,,,,,,,,,,
chunasacco@uonbi.ac.ke,,,,,,,,,,,,,,,,,,,
saccokcdf@yahoo.com,,,,,,,,,,,,,,,,,,,
info@nyatisacco.com,,,,,,,,,,,,,,,,,,,
jumuikasacco@gmail.com,,,,,,,,,,,,,,,,,,,
tsacco77@yahoo.com,,,,,,,,,,,,,,,,,,,
info@mentorsacco.co.ke,,,,,,,,,,,,,,,,,,,
info@towersacco.co.ke,,,,,,,,,,,,,,,,,,,
info@daimasaccoltd.com,,,,,,,,,,,,,,,,,,,
info@mafanikiosacco.com,,,,,,,,,,,,,,,,,,,
info@ufanisisacco.co.ke,,,,,,,,,,,,,,,,,,,
info@bingwasacco.coop,BINGWA,SACCO,,,,,,,,,,,,,,,,,
info@countysacco.com,,,,,,,,,,,,,,,,,,,
baratonsacco@ueab.ac.ke,,,,,,,,,,,,,,,,,,,
info@unisonsacco.co.ke,,,,,,,,,,,,,,,,,,,
info@gdcsacco.co.ke,,,,,,,,,,,,,,,,,,,
ecopillarsacco@gmail.com,,,,,,,,,,,,,,,,,,,
info@ardhisacco.com,,,,,,,,,,,,,,,,,,,
puan.narok@gmail.com,,,,,,,,,,,,,,,,,,,
info@patnassacco.co.ke,,,,,,,,,,,,,,,,,,,
uchosacco@rocketmail.com,,,,,,,,,,,,,,,,,,,
visionpointsacco@gmail.com,,,,,,,,,,,,,,,,,,,
elishanvi70@gmail.com,Elisha,Vitolo,,,,,,,,,,,,,,,,,
info@faridisacco.co.ke,,,,,,,,,,,,,,,,,,,
wakulimadairysacco@yahoo.com,,,,,,,,,,,,,,,,,,,
wanaanga@yahoo.com,,,,,,,,,,,,,,,,,,,
pngetich@ke.nationmedia.com,Peter,Ngetich,,,,,,,,,,,,,,,,,
goodwaysacco@gmail.com,,,,,,,,,,,,,,,,,,,
chunasacco@yahoo.com,,,,,,,,,,,,,,,,,,,
ndoshasacco@yahoo.com,,,,,,,,,,,,,,,,,,,
kmutai68@gmail.com,Charles,mutai,,,,,,,,,,,,,,,,,
nyarimisacco@yahoo.com,,,,,,,,,,,,,,,,,,,
info@mwingimwalimusaccoltd.com,,,,,,,,,,,,,,,,,,,
info@soticosacco.com,,,,,,,,,,,,,,,,,,,
Jesee.Kamau@POLICESACCO.COM,Jesse,Kamau,,,,,,,,,,,,,,,,,
info@fortune.co.ke,,,,,,,,,,,,,,,,,,,
kaimosisacco09@yahoo.com,,,,,,,,,,,,,,,,,,,
info@ollin.co.ke,,,,,,,,,,,,,,,,,,,
tenhossacco@yahoo.com,,,,,,,,,,,,,,,,,,,
Beatrice.Misigo@policesacco.com,Beatice,Misigo,,,,,,,,,,,,,,,,,
soticosacco@yahoo.com,,,,,,,,,,,,,,,,,,,
Muki.group@yahoo.com,,,,,,,,,,,,,,,,,,,
info@maishaborasacco.com,,,,,,,,,,,,,,,,,,,
Sacco@safaricom.co.ke,,,,,,,,,,,,,,,,,,,
vitegro@yahoo.com,,,,,,,,,,,,,,,,,,,
kenversity@gmail.com,,,,,,,,,,,,,,,,,,,
jsaitoti@kingdomsacco.com,Joel,Saitoti,,,,,,,,,,,,,,,,,
info@nanditeachers.com,,,,,,,,,,,,,,,,,,,
nnksacco@gmail.com,,,,,,,,,,,,,,,,,,,
nationsacco@ke.nationmedia.com,,,,,,,,,,,,,,,,,,,
nitunzeltd@gmail.com,,,,,,,,,,,,,,,,,,,
kateco@jambo.co.ke,,,,,,,,,,,,,,,,,,,
info@goodfaithsacco.co.ke,,,,,,,,,,,,,,,,,,,
mnorthfarmerssacco@yahoo.com,,,,,,,,,,,,,,,,,,,
ukristonaufanisi@yahoo.com,,,,,,,,,,,,,,,,,,,
musco.coop@gmail.com,,,,,,,,,,,,,,,,,,,
info@sukarisacco.org,,,,,,,,,,,,,,,,,,,
nyahururuumojasacco@gmail.com,,,,,,,,,,,,,,,,,,,
imentisacco@yahoo.com,,,,,,,,,,,,,,,,,,,
info@kingdomsacco.com,,,,,,,,,,,,,,,,,,,
taisacco@yahoo.com,,,,,,,,,,,,,,,,,,,
info@tecsacco.co.ke,,,,,,,,,,,,,,,,,,,
primetimesacco@yahoo.com,,,,,,,,,,,,,,,,,,,
magadisacco@magadisoda.co.ke,,,,,,,,,,,,,,,,,,,
jkirira@hazinasacco.or.ke,James,Maina,,,,,,,,,,,,,,,,,
marsabitteacherssacco@yahoo.com,,,,,,,,,,,,,,,,,,,
info@boreshasacco.co.ke,,,,,,,,,,,,,,,,,,,
info@jitegemeesacco.co.ke,,,,,,,,,,,,,,,,,,,
katherasacco@gmail.com,,,,,,,,,,,,,,,,,,,
kenyabankers@kbsacco.co.ke,,,,,,,,,,,,,,,,,,,
puriehnm@gmail.com,Purity,Waithaka,,,,,,,,,,,,,,,,,
Caroline.Kirimi@policesacco.com,Caroline,Kirimi,,,,,,,,,,,,,,,,,
wpsacco@wakenyapamojasacco.com,,,,,,,,,,,,,,,,,,,
elgonsacco@yahoo.com,,,,,,,,,,,,,,,,,,,
info@mwitosacco.coop,,,,,,,,,,,,,,,,,,,
Nyeriteacherssacco@yahoo.com,,,,,,,,,,,,,,,,,,,
info@afyasacco.com,,,,,,,,,,,,,,,,,,,
info@serianu.com,,,,,,,,,,,,,,,,,,,
info@harambeesacco.com,,,,,,,,,,,,,,,,,,,
tupesacco@gmail.com,,,,,,,,,,,,,,,,,,,
Info@milikisacco.org,,,,,,,,,,,,,,,,,,,
jackie.madowo@serianu.com,,,,,,,,,,,,,,,,,,,
lengosaccoltd@yahoo.com,,,,,,,,,,,,,,,,,,,
info@cosmopolitansacco.co.ke,,,,,,,,,,,,,,,,,,,
nafakasaccosociety@yahoo.com,,,,,,,,,,,,,,,,,,,
konointeasacco@yahoo.com,,,,,,,,,,,,,,,,,,,
ntsacco@yahoo.com,,,,,,,,,,,,,,,,,,,
info@magadisacco.co.ke,,,,,,,,,,,,,,,,,,,
martin.muhoho@unaitas.com,Martin,Muhoho,,,,,,,,,,,,,,,,,
biasharatosha2016@gmail.com,,,,,,,,,,,,,,,,,,,
info@stima-sacco.com,,,,,,,,,,,,,,,,,,,
Tony.mutero@policesacco.com,Tony,Mutero,,,,,,,,,,,,,,,,,
info@sirajisacco.com,,,,,,,,,,,,,,,,,,,
info@wauminisacco.com,,,,,,,,,,,,,,,,,,,
gusiimwalimusacco@yahoo.com,,,,,,,,,,,,,,,,,,,
info@taifasacco.co.ke,,,,,,,,,,,,,,,,,,,
egertonsacco@yahoo.com,,,,,,,,,,,,,,,,,,,
nandi_sacco@yahoo.com,,,,,,,,,,,,,,,,,,,
dominic@fundilimasacco.co.ke,Dominic,Khamala,,,,,,,,,,,,,,,,,
info@universaltraders.co.ke,,,,,,,,,,,,,,,,,,,
muratasacco@yahoo.co.uk,,,,,,,,,,,,,,,,,,,
rmwarey@ncpb.co.ke,Raymond,Mwarey,,,,,,,,,,,,,,,,,
jmunene77@gmail.com,Jeff,Munene,,,,,,,,,,,,,,,,,
bayub@ktdateas.com,Boniface,Ayub,,,,,,,,,,,,,,,,,
bosa@sheriasacco.coop,,,,,,,,,,,,,,,,,,,
latyfer@gmail.com,Latifa,Abdullateef,,,,,,,,,,,,,,,,,
Info.mrfsacco@gmail.com,,,,,,,,,,,,,,,,,,,
info@washasacco.co.ke,,,,,,,,,,,,,,,,,,,
info@chai-sacco.co.ke,,,,,,,,,,,,,,,,,,,
info@taisacco.coop,,,,,,,,,,,,,,,,,,,
info@egertonuniversitysacco.coop,,,,,,,,,,,,,,,,,,,
Info@bandarisacco.co.ke,,,,,,,,,,,,,,,,,,,
ktgsacco@yahoo.com,,,,,,,,,,,,,,,,,,,
kerichohq@imarishasacco.co.ke,,,,,,,,,,,,,,,,,,,
info@winassacco.com,,,,,,,,,,,,,,,,,,,
info@unaitas.com,,,,,,,,,,,,,,,,,,,
jacarandafosa@yahoo.com,,,,,,,,,,,,,,,,,,,
bingwasaccolimited@yahoo.com,,,,,,,,,,,,,,,,,,,
dimkessacco@yahoo.com,,,,,,,,,,,,,,,,,,,
saccomru@yahoo.com,,,,,,,,,,,,,,,,,,,
sukarisacco@gmail.com,,,,,,,,,,,,,,,,,,,
magereza@magerezasacco.coop,,,,,,,,,,,,,,,,,,,
shirikasaccosociety@gmail.com,,,,,,,,,,,,,,,,,,,
info@capitalsacco.co.ke,,,,,,,,,,,,,,,,,,,
kenyamidlandsacco@gmail.com,,,,,,,,,,,,,,,,,,,
tntsacco@yahoo.com,,,,,,,,,,,,,,,,,,,
yvonne.marangu@gmail.com,yvonne,marangu,,,,,,,,,,,,,,,,,
smartlifesacco@gmail.com,,,,,,,,,,,,,,,,,,,
tntsacco@gmail.com,,,,,,,,,,,,,,,,,,,
info@ukulimasacco.coop,,,,,,,,,,,,,,,,,,,
info@elimusacco.com,,,,,,,,,,,,,,,,,,,
kutesaccoltd@yahoo.com,,,,,,,,,,,,,,,,,,,
korusacco@gmail.com,,,,,,,,,,,,,,,,,,,
fundilimasacco@yahoo.com,,,,,,,,,,,,,,,,,,,
info@wanandegesacco.com,,,,,,,,,,,,,,,,,,,
willy.muinde@unaitas.com,Willy,Muinde,,,,,,,,,,,,,,,,,
biasharasacco@yahoo.com,,,,,,,,,,,,,,,,,,,
nyalavisionsacco@gmail.com,,,,,,,,,,,,,,,,,,,
josephine10207@gmail.com,Josephine,Mbugua,,,,,,,,,,,,,,,,,
Taqwasacco1@gmail.com,,,,,,,,,,,,,,,,,,,
ericknjoka@gmail.com,Eric,Njoka,,,,,,,,,,,,,,,,,
info@kenpipesacco.com,,,,,,,,,,,,,,,,,,,
info@thamanisacco.or.ke,,,,,,,,,,,,,,,,,,,
