Email Address:,Phone Number:,Name of your organisation: , How many employees work for your company?,Which category most closely fits your organization type?
mystik.debrah@gmail.com,247736776,Nexia Debrah & Co,21 - 100,Professional Services
sinaisix@gmail.com,504733076,Nexia.Debrah & Co,21 - 100,Financial Services
naadzama@gmail.com,246702531,National Letters Authority,101 - 500,Financial Services
nanakwakuz@yahoo.com,208433918,Stanbic bank Ghana,1000+,Banking
Mickwofi@gmail.com,,,1000+,Banking
jacob@gloappsgh.com,542926819,Gloapps LLC,Jun-20,Professional Services
kwamensah52@gmail.com,249605852,OTEC FM/ Kumasi,501 - 1000,Private Sector
sofoaadwoa@gmail.com,249670182,Hope FM,21 - 100,Cyber Security Sector
myados@aol.com,2.33277E+11,,1000+,Banking
bediakopoku@gmail.com,2.33208E+11,,1000+,Professional Services
akosuasanjong2002@gmail.com,243601381,Audit Service,1000+,Government
cobbinananayaw@yahoo.com,244017820,New Morning Post Newspaper,01-May,Professional Services
boadidickson46@gmail.com,241242499,Dailyviewgh.com,501 - 1000,Telecommunication
geraldnomo@gmail.com,262073295,Bank of Ghana,1000+,Banking
stephen1079@gmail.com,279258300,Tain Fmao.a,01-May,Academia
ddofori@gmail.com,2448933,KAIPTC,101 - 500,Government
info@theprivacyadvocate.com,,Nexia Global,01-May,Professional Services
gboyegafatoki@yahoo.com,,,21 - 100,Financial Services
bobofredrick@gnail.com,Afrosaa,Afrosare,Jun-20,Professional Services
kofamponsah2@yahoo.com,242670039,Atentebeh Communications,01-May,Private Sector
N/a,,Central Bank,1000+,Government
bleazyl@yahoo.com,541052790,Rite FM,21 - 100,Telecommunication
mis@inocongroupltd.com,,,Jun-20,Private Sector
