"Timestamp","Name:","Email Address: ","Phone Number: ","Name of your organisation: "," How many employees work for your company?","Which category most closely fits your organization type?","How much of a concern is cybercrime for your organization?","How is your  organisation’s cyber security managed?","According to your opinion cybercrime in Kenya... ","According to your opinion, cybercrime is a problem rooted in...? [Please select at most 3 options.]","To make the Internet a safer place and to fight cyber-crime, what are the topics we should conduct more research on? [Please rank all option(s) with '1' being the least and '6' being the highest]  [Better metrics and statistics on cybercrime]","To make the Internet a safer place and to fight cyber-crime, what are the topics we should conduct more research on? [Please rank all option(s) with '1' being the least and '6' being the highest]  [Better laws and regulations]","To make the Internet a safer place and to fight cyber-crime, what are the topics we should conduct more research on? [Please rank all option(s) with '1' being the least and '6' being the highest]  [Improved technology for our networks and operating systems]","To make the Internet a safer place and to fight cyber-crime, what are the topics we should conduct more research on? [Please rank all option(s) with '1' being the least and '6' being the highest]  [Improve our understanding of society and the cyber community]","To make the Internet a safer place and to fight cyber-crime, what are the topics we should conduct more research on? [Please rank all option(s) with '1' being the least and '6' being the highest]  [Better encryption and improved privacy]","To make the Internet a safer place and to fight cyber-crime, what are the topics we should conduct more research on? [Please rank all option(s) with '1' being the least and '6' being the highest]  [Better education of users of the Internet]","Which of the following security testing techniques does your organization use? (Select all that apply)","Is there a dedicated role/person within your organisation assigned to distributing/communicating latest cybersecurity updates? If yes, what are the avenues used to collect information?","How often are staff trained on cybersecurity risks?","Does your organisation allow the use of Bring Your Own Devices (BYODs)? ","Does your organisation have a best practice policy for BYOD? (Select one option)","Does your organization allow/utilize Cloud Services or Internet of Things Tech (Big Data Analytics)?","Does your organization have a best practice policy for IoT and Cloud Services?","Have you been a victim of  any cybercriminal activity in the last 5 years?In what capacity?","If you have been a victim of cybercrime in the last 5 years, what were the implications?(Select all that apply)","If you have been a victim of cybercrime, what action followed? (Select one option)","Approximately how much does your organisation spend annually on cyber security?(Select one option)"
"2017/06/28 10:11:56 am GMT+3","Peter Kaburia","peter.kaburia2@gmail.com","0722839613","KRA","1000+","Government","Extremely concerned","In-house by someone who is in charge of (security) policies on behalf of the organisation, e.g., a sysadmin?","Has grown/ increased in the last year","Economic interests(financial gain)","1","1","2","2","1","1","Vulnerability assessments","Generic newspapers and news broadcaster;Specialized news sources;Consulting companies;Social media network contacts","Monthly","Yes","Yes","No","No","Through work","Loss of money;Down time;Inconvenience;Loss of reputation","Reported to the police, who followed it through to successful prosecution","USD 10,000+"
"2017/06/28 11:46:30 am GMT+3","Gregory Kapsowe","churchurgoeg@gmail.com","0724401367","Stima Sacco","101 - 500","Banking","Extremely concerned","In-house by someone who is in charge of (security) policies on behalf of the organisation, e.g., a sysadmin?","Has grown/ increased in the last year","Security education, training and awareness","1","1","1","1","1","1","Audits","Specialized news sources;Social media network contacts","Yearly","Yes","Yes","Yes","Yes","Personal capacity","Down time;Inconvenience","Did not report to the police","USD 1,001 - 5,000"
"2017/06/28 12:34:43 pm GMT+3","Regina Nthenge","reginor@checkpoint.com","","Checkpoint Softurn Technologies","1000+","Cyber Security Sector","Extremely concerned","In-house by someone who is in charge of (security) policies on behalf of the organisation, e.g., a sysadmin?","Has grown/ increased in the last year","Economic interests(financial gain)","1","4","1","1","1","1","Vulnerability assessments","Specialized news sources","Weekly","Yes","Yes","Yes","Yes","Through work","No effect","Reported to the police with no further action","USD 10,000+"
"2017/06/28 1:23:48 pm GMT+3","George Kimungufu","george.kimungufuendma.go.ke","0722652723","National Drought Management","101 - 500","Government","Extremely concerned","In-house by someone who is in charge of (security) policies on behalf of the organisation, e.g., a sysadmin?","Has grown/ increased in the last year","Security education, training and awareness","4","2","2","2","2","1","Vulnerability assessments","Generic newspapers and news broadcaster;Specialized news sources;Social media network contacts","Yearly","No","Yes","Yes","No","Through work","Down time;Inconvenience;Loss of reputation","Did not report to the police","USD 1,001 - 5,000"
"2017/06/28 1:36:02 pm GMT+3","Owik Nicholas","manjuash @yahoo.co.uk","0733-268863","EKUC","501 - 1000","Private Sector","Slightly concerned","In-house by someone who is in charge of (security) policies on behalf of the organisation, e.g., a sysadmin?","Has grown/ increased in the last year","Security education, training and awareness","6","6","6","6","6","6","Vulnerability assessments","Specialized news sources","Never","Yes","Yes","No","No","Through work","Inconvenience","Did not report to the police","USD 1,001 - 5,000"
"2017/06/28 1:45:17 pm GMT+3","MIKE KAMAU","mike.kamau@sentinelafrica.co.ke","0722327178","SENTNEL AFRICA CONSULTING LTD","6 - 20","Professional Services","Extremely concerned","In-house by someone who is in charge of (security) policies on behalf of the organisation, e.g., a sysadmin?","Has grown/ increased in the last year","Technology;Security education, training and awareness;Economic interests(financial gain)","1","2","2","1","2","1","Audits","Generic newspapers and news broadcaster;Specialized news sources;Consulting companies","Weekly","Yes","Yes","Yes","Yes","Through work","Loss of money;Down time;Inconvenience","Did not report to the police","USD 1 - 1,000"
"2017/06/28 2:02:18 pm GMT+3","Mary Mueni Ngui","nguimueni@gmail.com\mary.ngui@bery.co.za","0721862219","Liberty Life Kenya","101 - 500","Insurance","Very concerned","I manage my own cyber security","Has grown/ increased in the last year","Security education, training and awareness;Economic interests(financial gain);Business competition (sabotage, IP theft)","6","2","4","3","5","1","Penetration testing;Vulnerability assessments;Audits","Specialized news sources","Monthly","Yes","Yes","Yes","Yes","No","Inconvenience","Did not report to the police","USD 10,000+"
"2017/06/28 2:08:03 pm GMT+3","Peter Musyoki","musyokipeter22@gmail.com","0708677687","Strathmore University","101 - 500","Academia","Very concerned","In-house by someone who is in charge of (security) policies on behalf of the organisation, e.g., a sysadmin?","Has grown/ increased in the last year","Technology;Security education, training and awareness;Lack of integrity (corruption)","4","1","2","1","3","1","Audits","Specialized news sources;Outsourced services","Yearly","Yes","No","Yes","Yes","No","No effect","Did not report to the police","USD 1,001 - 5,000"
"2017/06/28 2:12:46 pm GMT+3","Tod Ochola","tochola@microsoft.com","0720-566-952","Microsoft","1000+","Cyber Security Sector","Extremely concerned","In-house by someone who is in charge of (security) policies on behalf of the organisation, e.g., a sysadmin?","Has grown/ increased in the last year","Technology;Security education, training and awareness","","","","","","","Penetration testing;Vulnerability assessments;Audits","Consulting companies;Outsourced services","Monthly","Yes","Yes","Yes","Yes","Through work","Loss of money;Down time","","USD 10,000+"
"2017/06/28 2:17:31 pm GMT+3","John Kigen","Kimaiyo2001@yahoo.com","0722423573","Kenya Revenue Authority","1000+","Government","Extremely concerned","In-house by someone who is in charge of (security) policies on behalf of the organisation, e.g., a sysadmin?","Has grown/ increased in the last year","Economic interests(financial gain);Business competition (sabotage, IP theft)","4","3","1","3","1","1","Audits","Specialized news sources","Never","Yes","No","No","No","Through work","Loss of money;Inconvenience;Loss of reputation","Reported to the police, who contacted me/my organisation but no further action took place","Don't know"
"2017/06/28 2:23:09 pm GMT+3","FELIX KARIUKI","mkariuki@buxton.co.ke","0722-529899","Buxton LTD","1 - 5","Private Sector","Very concerned","I manage my own cyber security","Has grown/ increased in the last year","Security education, training and awareness;Economic interests(financial gain);Business competition (sabotage, IP theft)","6","3","4","2","5","1","Vulnerability assessments;Audits","Specialized news sources;Consulting companies;Social media network contacts","Yearly","Yes","Yes","No","No","No","","","USD 1 - 1,000"
"2017/06/28 2:27:28 pm GMT+3","Nelson Nyongesa","nyongesa@sasra.co.ke","254721437559","SASRA","21 - 100","Government","Extremely concerned","In-house by someone who is in charge of (security) policies on behalf of the organisation, e.g., a sysadmin?","Has grown/ increased in the last year","Technology","2","5","5","1","5","1","Penetration testing","Generic newspapers and news broadcaster","Never","Yes","No","No","No","Personal capacity;Through work","Loss of money;Down time;Inconvenience;Psychologically harmful;Loss of reputation","Did not report to the police","USD 1 - 1,000"
"2017/06/28 2:32:24 pm GMT+3","OPIYO KENNEH","wopiyo4@yahoo.com","+254722602760","SASRA","21 - 100","Government","Slightly concerned","Don’t know","Has grown/ increased in the last year","Technology","3","3","3","1","2","1","Don't know","Generic newspapers and news broadcaster;Specialized news sources;Social media network contacts","Never","Yes","No","No","No","Personal capacity","Down time;Inconvenience","Did not report to the police","Don't know"
"2017/06/28 2:37:05 pm GMT+3","John Kirimi","kirimi@kebs.org","0726430434","Kenya Bureau Of Standards","1000+","Government","Very concerned","Outsourced to an independent specialist or organisation","Has grown/ increased in the last year","Technology","6","1","1","2","1","2","Vulnerability assessments","Generic newspapers and news broadcaster;Specialized news sources;Consulting companies;Outsourced services;Social media network contacts","Yearly","No","No","No","No","Through work","Down time","Did not report to the police","USD 10,000+"
"2017/06/28 2:41:24 pm GMT+3","TIM THEURI","ttheuri@safaricom.co.ke","0723422411","SAFARICOM","1000+","Telecommunication","Very concerned","In-house CERT","Has grown/ increased in the last year","Security education, training and awareness","2","3","4","1","6","4","Vulnerability assessments","Generic newspapers and news broadcaster;Specialized news sources;Consulting companies","Yearly","Yes","Yes","Yes","Yes","Through work","Loss of money;Loss of reputation","Reported to the police, who followed it through to successful prosecution","USD 10,000+"
"2017/06/28 2:45:43 pm GMT+3","John Njoroge","john.njoroge@kra.go.ke","0722889505","KRA","1000+","Government","Extremely concerned","In-house by someone who is in charge of (security) policies on behalf of the organisation, e.g., a sysadmin?","Has grown/ increased in the last year","Technology;Security education, training and awareness;Business competition (sabotage, IP theft)","3","2","1","1","2","2","Penetration testing;Vulnerability assessments;Audits","Generic newspapers and news broadcaster;Social media network contacts","Only if there is a problem","Yes","No","Yes","No","Through work","Loss of money;Loss of reputation","Reported to the police, who followed it through to successful prosecution","USD 10,000+"
"2017/06/28 2:50:13 pm GMT+3","ERIC KISILU","eric.kisilu@gmail.com","0722743199","IPA","101 - 500","Government","Very concerned","Outsourced to an independent specialist or organisation","Has grown/ increased in the last year","Technology","1","1","2","1","2","1","Vulnerability assessments","Generic newspapers and news broadcaster;Consulting companies;Outsourced services","Yearly","No","No","No","No","Personal capacity","Inconvenience","Did not report to the police","USD 1,001 - 5,000"
"2017/06/28 2:54:45 pm GMT+3","ALEX MUCHIRI","alex@digitclub.co.ke","0711342261","Technical University Of Kenya","101 - 500","Academia","Extremely concerned","In-house by someone who is in charge of (security) policies on behalf of the organisation, e.g., a sysadmin?","Has grown/ increased in the last year","Technology;Lack of integrity (corruption);Business competition (sabotage, IP theft)","","","","","","","Don't know","I do not keep up to date","Only if there is a problem","Yes","No","Yes","No","Through work","Loss of money","Did not report to the police","Don't know"
"2017/06/28 3:00:49 pm GMT+3","HIDAYA KASSIM","hkassim86@gmail.com","","GBHL","101 - 500","Private Sector","Moderately concerned","In-house by someone who is in charge of (security) policies on behalf of the organisation, e.g., a sysadmin?","Has grown/ increased in the last year","Lack of integrity (corruption);Economic interests(financial gain)","6","4","5","1","3","2","Audits","Generic newspapers and news broadcaster;Specialized news sources;Consulting companies;Outsourced services;Social media network contacts","Only if there is a problem","No","No","No","No","Through work","Inconvenience","Did not report to the police","Don't know"
"2017/06/28 3:06:33 pm GMT+3","PETER THUKU","peter.thuku@equitybank.co.ke","0763972474","EQUITY BANK (KENYA) L.T.D","1000+","Banking","Extremely concerned","In-house by someone who is in charge of (security) policies on behalf of the organisation, e.g., a sysadmin?","Has grown/ increased in the last year","Technology","6","3","4","2","5","1","Penetration testing;Vulnerability assessments","Specialized news sources","Yearly","No","Yes","Yes","Yes","No","","","Don't know"
"2017/06/28 3:11:47 pm GMT+3","George Okwach","okwach.george@crownpaints.co.ke","+254711356107","CPKC","101 - 500","Manufacturing","Slightly concerned","In-house by someone who is in charge of (security) policies on behalf of the organisation, e.g., a sysadmin?","Has grown/ increased in the last year","Technology","","","1","","1","","Penetration testing;Vulnerability assessments;Audits","Generic newspapers and news broadcaster","Only if there is a problem","Yes","No","Yes","No","Through work","Inconvenience","Did not report to the police","USD 1 - 1,000"
"2017/06/28 3:24:44 pm GMT+3","Catherine Kinyanjui","ckinyanjui@gmail.com","0714612931","EABL","1000+","Manufacturing","Very concerned","In-house CERT","Has grown/ increased in the last year","Security education, training and awareness","1","1","2","1","2","1","Vulnerability assessments;Audits","Specialized news sources;Consulting companies;Outsourced services","Yearly","No","Yes","Yes","Yes","No","","","Don't know"
"2017/06/28 4:13:51 pm GMT+3","Nick Mudambo","nmudambo@ufaa.go.ke","","UFAA","21 - 100","Government","Very concerned","By the Internet Service Provider","Has grown/ increased in the last year","Economic interests(financial gain)","3","2","2","1","2","1","Audits","Consulting companies","Never","Yes","No","No","No","Through work","Down time;Inconvenience","Did not report to the police","USD 1 - 1,000"
"2017/06/28 4:25:41 pm GMT+3","Peter OgomoIngwe","ogomoingwe@gmail.com","0726907125","NAIROBI COUNTY","1000+","Government","Very concerned","In-house by someone who is in charge of (security) policies on behalf of the organisation, e.g., a sysadmin?","Has grown/ increased in the last year","Lack of integrity (corruption)","3","6","","1","4","3","Audits","Consulting companies;Outsourced services","Monthly","No","No","Yes","No","Through work","Loss of money","Reported to the police with no further action","Don't know"
"2017/06/28 4:30:53 pm GMT+3","Anthony Mwangi Muiyuro","t.moiyuro@gmail.com","0724733616","UAP OLD MUTUAL","1000+","Financial Services","Extremely concerned","In-house by someone who is in charge of (security) policies on behalf of the organisation, e.g., a sysadmin?","Has grown/ increased in the last year","Lack of integrity (corruption)","2","1","1","2","1","1","Penetration testing;Vulnerability assessments;Audits","Specialized news sources;Consulting companies","Monthly","Yes","Yes","Yes","No","Through work","Loss of money;Down time;Inconvenience","Did not report to the police","USD 10,000+"
"2017/06/28 4:35:46 pm GMT+3","HILLARY WACHIRA","hillary.wachira@gmail.com","+254725709390","Kenya Re","101 - 500","Insurance","Very concerned","In-house by someone who is in charge of (security) policies on behalf of the organisation, e.g., a sysadmin?","Has grown/ increased in the last year","Economic interests(financial gain)","1","1","1","2","3","1","Penetration testing","Specialized news sources;Consulting companies","Yearly","No","Yes","Yes","Yes","Through work","Down time","Did not report to the police","USD 5,001 - 10,000"
"2017/06/28 4:43:55 pm GMT+3","Joseph K Mau","jkamenju@gmail.com","0723-308780","Bank","1000+","Banking","Extremely concerned","In-house by someone who is in charge of (security) policies on behalf of the organisation, e.g., a sysadmin?","Has grown/ increased in the last year","Security education, training and awareness;Lack of integrity (corruption);Economic interests(financial gain)","4","5","5","6","5","6","Vulnerability assessments","Generic newspapers and news broadcaster;Specialized news sources","Monthly","Yes","Yes","No","No","No","No effect","","USD 10,000+"
"2017/06/28 4:47:28 pm GMT+3","Elias Mirigi","elias.mirigi@gmail.com","0722614166","","1000+","Government","Extremely concerned","In-house by someone who is in charge of (security) policies on behalf of the organisation, e.g., a sysadmin?","Has grown/ increased in the last year","Economic interests(financial gain)","6","5","3","2","4","1","Penetration testing;Vulnerability assessments;Audits","Generic newspapers and news broadcaster;Specialized news sources","Only if there is a problem","Yes","Yes","Yes","Yes","Personal capacity;Through work","Down time","Did not report to the police","Don't know"
"2017/06/28 4:54:06 pm GMT+3","Adesma","desma05@gmail.com","+2348181719567","Digital Jewels Ltd","21 - 100","Professional Services","Extremely concerned","In-house by someone who is in charge of (security) policies on behalf of the organisation, e.g., a sysadmin?","Has grown/ increased in the last year","Economic interests(financial gain)","6","6","4","5","4","5","Penetration testing;Vulnerability assessments;Audits","Specialized news sources;Consulting companies;Outsourced services;Social media network contacts","Monthly","Yes","Yes","Yes","Yes","Through work","Inconvenience","","USD 5,001 - 10,000"
"2017/06/28 4:59:40 pm GMT+3","James Too","Jkeror45@gmail.com","0721823376","NAIROBI CITY COUNTY","1000+","Government","Moderately concerned","In-house by someone who is in charge of (security) policies on behalf of the organisation, e.g., a sysadmin?","Has grown/ increased in the last year","Economic interests(financial gain)","1","1","1","2","1","1","Audits","Social media network contacts","Yearly","No","No","No","No","Personal capacity","Psychologically harmful","Did not report to the police","Don't know"
"2017/06/28 5:03:55 pm GMT+3","Diana Koech","deekoech@gmail.com","0721303239","The Nairobi Hospital","1000+","Healthcare Services","Very concerned","Outsourced to an independent specialist or organisation","Has grown/ increased in the last year","Security education, training and awareness","2","2","1","1","1","1","Vulnerability assessments;Audits","Social media network contacts","Only if there is a problem","Yes","No","No","No","No","No effect","","USD 1,001 - 5,000"
"2017/06/28 5:19:57 pm GMT+3","Justus Ongera","Justus.ongera@oagkenya.go.ke","+254733913106","OFFICE OF THE AUDITOR-GENERAL","1000+","Government","Extremely concerned","In-house by someone who is in charge of (security) policies on behalf of the organisation, e.g., a sysadmin?","Has grown/ increased in the last year","Technology;Security education, training and awareness;Lack of integrity (corruption)","3","6","4","2","5","1","Penetration testing;Vulnerability assessments","Consulting companies;Outsourced services","Yearly","Yes","Yes","Yes","Yes","No","No effect","Did not report to the police","Don't know"
"2017/06/28 5:32:41 pm GMT+3","EDDY ONDITI","eddy.onditi@gmail.com","0711835387","KPMG KENYA","501 - 1000","Professional Services","Extremely concerned","In-house by someone who is in charge of (security) policies on behalf of the organisation, e.g., a sysadmin?","Has grown/ increased in the last year","Security education, training and awareness","2","1","1","1","1","1","Vulnerability assessments","Specialized news sources","Weekly","Yes","Yes","Yes","Yes","Personal capacity;Through work","Down time;Inconvenience;Loss of reputation","Did not report to the police","Don't know"
"2017/06/28 5:37:53 pm GMT+3","Kamenyi D.M","domenic.kamenyi@oagkenya.go.ke","0721274945","OFFICE OF THE AUDITOR GENERAL","1000+","Government","Moderately concerned","In-house by someone who is in charge of (security) policies on behalf of the organisation, e.g., a sysadmin?","Has grown/ increased in the last year","Security education, training and awareness","6","3","4","1","5","2","Audits","Generic newspapers and news broadcaster;Social media network contacts","Only if there is a problem","Yes","No","No","No","No","","","Don't know"
"2017/06/28 5:45:55 pm GMT+3","Mary Omollo Mbai","mercy.omalo@libenyea.com","+254722510796","Liberty","101 - 500","Insurance","Very concerned","In-house by someone who is in charge of (security) policies on behalf of the organisation, e.g., a sysadmin?","Has grown/ increased in the last year","Technology;Security education, training and awareness;Economic interests(financial gain)","6","5","2","4","3","1","Penetration testing;Vulnerability assessments;Audits","Specialized news sources;Social media network contacts","Yearly","Yes","Yes","Yes","No","No","No effect","","USD 1,001 - 5,000"
"2017/06/28 5:50:06 pm GMT+3","Newtom","newtom@yahoo.com","0733371024","","6 - 20","Government","Moderately concerned","In-house by someone who is in charge of (security) policies on behalf of the organisation, e.g., a sysadmin?","Has grown/ increased in the last year","Technology;Lack of integrity (corruption);Economic interests(financial gain)","4","1","3","1","5","1","Audits","I do not keep up to date","Only if there is a problem","Yes","Yes","No","No","Through work","Down time;Inconvenience","","Don't know"
"2017/06/28 5:54:53 pm GMT+3","Sammy Mutuma Kaaria","Kaaria@kenyare.co.ke","0722714830","KENYA RE CO-OPORATION","101 - 500","Insurance","Very concerned","In-house by someone who is in charge of (security) policies on behalf of the organisation, e.g., a sysadmin?","Has grown/ increased in the last year","Security education, training and awareness","2","1","2","2","2","1","Vulnerability assessments","Consulting companies;Outsourced services","Yearly","Yes","Yes","No","Yes","Through work","Down time","Reported to the police, who followed it through but no prosecution took place","USD 5,001 - 10,000"
"2017/06/28 6:01:06 pm GMT+3","Vusilio Omambia","Vomambiasafaricom.co.ke","0722493860","Safaricom","1000+","Telecommunication","Extremely concerned","In-house by someone who is in charge of (security) policies on behalf of the organisation, e.g., a sysadmin?","Has grown/ increased in the last year","Technology;Security education, training and awareness;Lack of integrity (corruption);Economic interests(financial gain);Business competition (sabotage, IP theft)","1","1","1","1","1","1","Penetration testing;Vulnerability assessments;Audits","Generic newspapers and news broadcaster;Specialized news sources;Consulting companies;Outsourced services","Yearly","No","Yes","Yes","Yes","Personal capacity;Through work","Loss of money;Down time;Inconvenience;Psychologically harmful;Loss of reputation","Reported to the police, who followed it through but no prosecution took place","USD 10,000+"
"2017/06/28 6:05:37 pm GMT+3","Hillary Ogalo","hillary.ogalo@gmail.com","0722542526","AIC Kenya.Insurance","101 - 500","Insurance","Moderately concerned","In-house by someone who is in charge of (security) policies on behalf of the organisation, e.g., a sysadmin?","Has grown/ increased in the last year","Technology;Security education, training and awareness;Economic interests(financial gain)","1","1","1","1","1","1","Penetration testing;Vulnerability assessments;Audits","Specialized news sources","Weekly","Yes","Yes","Yes","Yes","No","","","USD 10,000+"
"2017/06/28 6:08:59 pm GMT+3","Rose","Kiandumarw@gmail.com","","","1000+","Government","Extremely concerned","In-house by someone who is in charge of (security) policies on behalf of the organisation, e.g., a sysadmin?","Has grown/ increased in the last year","Security education, training and awareness;Economic interests(financial gain);Business competition (sabotage, IP theft)","3","2","1","1","1","1","Penetration testing;Vulnerability assessments;Audits","Generic newspapers and news broadcaster;Specialized news sources;Outsourced services","Monthly","No","No","No","No","Personal capacity;Through work","Loss of reputation;No effect","Did not report to the police","USD 10,000+"
"2017/06/28 6:13:42 pm GMT+3","Eunice Achenda","achendaeunice@gmail.com","0723598066","","1000+","Government","Very concerned","In-house by someone who is in charge of (security) policies on behalf of the organisation, e.g., a sysadmin?","Has grown/ increased in the last year","Security education, training and awareness;Lack of integrity (corruption);Economic interests(financial gain)","5","5","5","5","5","5","Don't know","Generic newspapers and news broadcaster;Specialized news sources","Only if there is a problem","Yes","Yes","Yes","No","No","Down time","Did not report to the police","Don't know"
"2017/06/28 6:17:36 pm GMT+3","Preston Odera","poderaeisaca.or.ke","0722771478","ISACA","1 - 5","Professional Services","Extremely concerned","Outsourced to an independent specialist or organisation","Has grown/ increased in the last year","Security education, training and awareness","3","5","5","5","5","6","Vulnerability assessments","Consulting companies","Yearly","Yes","No","No","No","Personal capacity","No effect","Did not report to the police","USD 1 - 1,000"
"2017/06/28 6:22:34 pm GMT+3","Daniel Munge","danmunge@gmail.cvom","0722736658","","1000+","Government","Extremely concerned","In-house by someone who is in charge of (security) policies on behalf of the organisation, e.g., a sysadmin?","Has grown/ increased in the last year","Security education, training and awareness","3","2","1","3","2","1","Penetration testing;Vulnerability assessments;Audits","Generic newspapers and news broadcaster;Specialized news sources;Consulting companies;Social media network contacts","Yearly","Yes","Yes","No","No","Through work","Loss of money","","USD 10,000+"
"2017/06/28 6:26:52 pm GMT+3","Prestor Nzasi Mbiwa","pnzasi@gmail.com","0723453479","SACCO SOCIETIES REGULATORY AUTHORITY","21 - 100","Government","Very concerned","By the Internet Service Provider","Has grown/ increased in the last year","Technology","3","2","1","2","2","1","Don't know","Generic newspapers and news broadcaster;Specialized news sources","Only if there is a problem","Yes","No","No","No","No","No effect","Did not report to the police","USD 1,001 - 5,000"
"2017/06/28 6:30:26 pm GMT+3","James waithanje","njugunajames@yahoo.com","0720724217","KRA","1000+","Government","Very concerned","In-house by someone who is in charge of (security) policies on behalf of the organisation, e.g., a sysadmin?","Has grown/ increased in the last year","Technology;Security education, training and awareness;Lack of integrity (corruption)","5","6","4","2","3","1","Penetration testing;Vulnerability assessments;Audits","Generic newspapers and news broadcaster","Yearly","Yes","No","No","No","Through work","Loss of money;Inconvenience;Loss of reputation","Reported to the police, who followed it through to successful prosecution","USD 10,000+"
"2017/06/28 6:34:08 pm GMT+3","Donna Kopiyo","dkopiyo@kob.co.ke","0735789649","kcb","1000+","Banking","Extremely concerned","In-house by someone who is in charge of (security) policies on behalf of the organisation, e.g., a sysadmin?","Has grown/ increased in the last year","Technology;Security education, training and awareness;Lack of integrity (corruption)","1","1","1","1","1","1","Penetration testing;Vulnerability assessments;Audits","Specialized news sources;Consulting companies;Outsourced services","Yearly","Yes","No","Yes","No","No","No effect","","USD 5,001 - 10,000"
"2017/06/28 6:38:16 pm GMT+3","MICHAEL MUITE","michael.muite@oracle.com","0713423934","Oracle","1000+","Private Sector","Extremely concerned","In-house CERT","Has grown/ increased in the last year","Security education, training and awareness","6","6","6","5","4","3","Don't know","I do not keep up to date","Monthly","Yes","Yes","Yes","Yes","No","","","Don't know"
"2017/06/28 6:41:34 pm GMT+3","Ann Macharia","amacharia57@gmail.com","0722107012","ISACA KENYA CHAPTER","1 - 5","Professional Services","Extremely concerned","In-house CERT","Has grown/ increased in the last year","Security education, training and awareness","5","6","4","2","3","1","Vulnerability assessments","Consulting companies","Never","Yes","No","No","No","No","Down time","Did not report to the police","USD 1 - 1,000"
"2017/06/28 6:44:36 pm GMT+3","Faith Mathenge","Faith.Mathenge@kra.go.ke","0726285652","KRA","1000+","Government","Extremely concerned","In-house by someone who is in charge of (security) policies on behalf of the organisation, e.g., a sysadmin?","Has grown/ increased in the last year","Security education, training and awareness","2","3","1","1","2","1","Don't know","I do not keep up to date","Only if there is a problem","Yes","Yes","Yes","Yes","Through work","Loss of money;Down time;Inconvenience;Loss of reputation","Did not report to the police","Don't know"
"2017/06/28 6:49:13 pm GMT+3","celeoti peter","celemuen@gmail.com","+254720179685","Finacial lastitutu","501 - 1000","Banking","Extremely concerned","In-house by someone who is in charge of (security) policies on behalf of the organisation, e.g., a sysadmin?","Has grown/ increased in the last year","Technology","4","6","2","3","1","5","Penetration testing","Specialized news sources","Monthly","No","Yes","No","No","Personal capacity","Inconvenience","Did not report to the police","Don't know"
"2017/06/28 6:54:38 pm GMT+3","BRENDA . AJEMA . KALEGERA","ajemabrenda@yahoo.com","0726158480","VIHIGA . COUNTY . ASSEMBLY","101 - 500","Government","Slightly concerned","By the Internet Service Provider","Has grown/ increased in the last year","Technology;Economic interests(financial gain);Business competition (sabotage, IP theft)","3","1","1","3","1","3","Audits","Generic newspapers and news broadcaster","Yearly","Yes","Yes","No","No","No","No effect","Did not report to the police","USD 0"
"2017/06/28 6:58:27 pm GMT+3","Alex Muriithi","alexmmuriithi@gmail.com","0722882798","","1000+","Government","Very concerned","In-house by someone who is in charge of (security) policies on behalf of the organisation, e.g., a sysadmin?","Has grown/ increased in the last year","Security education, training and awareness;Lack of integrity (corruption);Economic interests(financial gain)","4","5","6","2","3","1","Penetration testing;Vulnerability assessments;Audits","Generic newspapers and news broadcaster;Specialized news sources","Yearly","Yes","No","No","No","Through work","Loss of money;Inconvenience;Loss of reputation","Reported to the police, who followed it through to successful prosecution","USD 10,000+"
"2017/06/28 7:01:48 pm GMT+3","Remmy Koech","rkkoec@gmail.com","0722407200","Kenyarailways","101 - 500","Government","Very concerned","In-house by someone who is in charge of (security) policies on behalf of the organisation, e.g., a sysadmin?","Has grown/ increased in the last year","Security education, training and awareness","5","3","3","1","2","1","Penetration testing;Vulnerability assessments;Audits","Specialized news sources","Only if there is a problem","Yes","No","No","No","Through work","Inconvenience","Did not report to the police","USD 1,001 - 5,000"
"2017/06/28 7:06:47 pm GMT+3","MAGARET WAIHENYA","margaret.waihenya@brandkenyas.go.ke","0722784054","Brand Kenya","21 - 100","Professional Services","Not at all concerned","Don’t know","Has grown/ increased in the last year","Security education, training and awareness","5","3","5","1","4","2","Vulnerability assessments;Audits","Generic newspapers and news broadcaster","Never","Yes","No","No","No","Personal capacity;Through work","Loss of money;Psychologically harmful","Reported to the police with no further action","USD 1,001 - 5,000"
"2017/08/01 1:41:45 pm GMT+3","Saagar Khimasia","saagar.khimasia@apollo.co.ke","0735641615","APA Insurance","101 - 500","Financial Services","Moderately concerned","In-house by someone who is in charge of (security) policies on behalf of the organisation, e.g., a sysadmin?","Has grown/ increased in the last year","Technology;Security education, training and awareness;Business competition (sabotage, IP theft)","5","4","6","6","6","6","Penetration testing;Vulnerability assessments;Audits","I do not keep up to date","Only if there is a problem","Yes","No","No","No","Personal capacity","Loss of money","Reported to the police with no further action","Don't know"
"2017/08/01 2:45:34 pm GMT+3","","anthony.kipkoech@apollo.co.ke","","","101 - 500","Insurance","Extremely concerned","Outsourced to an independent specialist or organisation","Has grown/ increased in the last year","Security education, training and awareness;Economic interests(financial gain)","4","5","5","6","4","6","Penetration testing;Vulnerability assessments;Audits","Generic newspapers and news broadcaster;Consulting companies","Never","No","No","Yes","No","No","","","USD 10,000+"
"2017/08/01 3:55:33 pm GMT+3","Beth","bw.wamai@gmail.com","+254725765702","Family Bank","1000+","Banking","Very concerned","In-house by someone who is in charge of (security) policies on behalf of the organisation, e.g., a sysadmin?","Has grown/ increased in the last year","Security education, training and awareness;Lack of integrity (corruption);Economic interests(financial gain)","6","4","3","5","5","6","Penetration testing;Vulnerability assessments","Generic newspapers and news broadcaster;Specialized news sources;Consulting companies;Social media network contacts","Monthly","Yes","Yes","Yes","No","Through work","Loss of money;Down time;Inconvenience","Reported to the police, who contacted me/my organisation but no further action took place","USD 10,000+"
"2017/08/01 5:18:12 pm GMT+3","ALLAN KAUMA","AKAUMA@FAMILYBANK.CO.KE","0728475145","FAMILY BANK","1000+","Banking","Extremely concerned","In-house by someone who is in charge of (security) policies on behalf of the organisation, e.g., a sysadmin?","Has grown/ increased in the last year","Technology;Security education, training and awareness;Lack of integrity (corruption);Economic interests(financial gain);Business competition (sabotage, IP theft)","6","6","6","6","6","6","Penetration testing;Vulnerability assessments;Audits","Generic newspapers and news broadcaster;Consulting companies;Outsourced services;Social media network contacts","Only if there is a problem","Yes","No","No","No","Through work","Loss of money;Inconvenience;Loss of reputation","Didn’t know how to report to the police","USD 10,000+"
"2017/08/02 8:24:19 am GMT+3","Eric","ericnjeru@gmail.com","","Gulf African Bank","501 - 1000","Financial Services","Very concerned","In-house by someone who is in charge of (security) policies on behalf of the organisation, e.g., a sysadmin?","Has grown/ increased in the last year","Security education, training and awareness","5","6","5","6","6","5","Penetration testing;Vulnerability assessments;Audits","Consulting companies","Only if there is a problem","No","Yes","No","No","No","No effect","Did not report to the police","Don't know"
"2017/08/02 9:52:29 am GMT+3","Wilson Maina","wilson.maina@gab.co.ke","0720688685","Gulf African Bank","101 - 500","Financial Services","Moderately concerned","In-house by someone who is in charge of (security) policies on behalf of the organisation, e.g., a sysadmin?","Has grown/ increased in the last year","Security education, training and awareness;Lack of integrity (corruption)","3","5","6","5","5","6","Penetration testing;Vulnerability assessments;Audits","Specialized news sources;Consulting companies","Monthly","No","Yes","No","Yes","No","","","USD 10,000+"
"2017/08/02 10:03:31 am GMT+3","Evalyne","evalyne.mwai@gab.co.ke","0727065919","Gulf African Bank","501 - 1000","Banking","Very concerned","In-house by someone who is in charge of (security) policies on behalf of the organisation, e.g., a sysadmin?","Has grown/ increased in the last year","Economic interests(financial gain)","6","5","6","6","6","6","Penetration testing;Vulnerability assessments;Audits","Specialized news sources;Consulting companies;Outsourced services;Social media network contacts","Yearly","Yes","Yes","Yes","No","Through work","Loss of money;Down time;Inconvenience;Psychologically harmful;Loss of reputation","Reported to the police, who followed it through to successful prosecution","USD 1,001 - 5,000"
"2017/08/02 4:48:25 pm GMT+3","Morris Ndung'u","mkamethu@gmail.com","0700775506","Serianu","6 - 20","Cyber Security Sector","Extremely concerned","In-house CERT","Has grown/ increased in the last year","Technology;Security education, training and awareness;Lack of integrity (corruption)","6","5","5","4","6","6","Penetration testing;Vulnerability assessments;Audits","Generic newspapers and news broadcaster","Weekly","Yes","Yes","Yes","Yes","No","","","USD 10,000+"
"2017/08/03 2:32:38 pm GMT+3","","karolyatwiri@gmail.com","","","101 - 500","Insurance","Extremely concerned","In-house by someone who is in charge of (security) policies on behalf of the organisation, e.g., a sysadmin?","Has grown/ increased in the last year","Lack of integrity (corruption)","6","4","3","2","5","1","Audits","Consulting companies","Yearly","No","No","Yes","Yes","No","Inconvenience","","USD 1 - 1,000"
"2017/08/05 6:31:32 am GMT+3","Leonard Milgo","lmilgo@gmail.com","+254722312420","OAG (office of Auditor General)","1000+","Government","Very concerned","In-house by someone who is in charge of (security) policies on behalf of the organisation, e.g., a sysadmin?","Has grown/ increased in the last year","Security education, training and awareness;Economic interests(financial gain);Business competition (sabotage, IP theft)","4","2","2","3","4","1","Penetration testing;Vulnerability assessments","Outsourced services","Yearly","Yes","Yes","Yes","Yes","No","No effect","Did not report to the police","Don't know"
"2017/08/05 6:37:33 am GMT+3","LUCAS OLUOCH","lucas@kws.go.ke","0722747904","KENYA WILDLIFE SERVICE","1000+","Government","Very concerned","In-house by someone who is in charge of (security) policies on behalf of the organisation, e.g., a sysadmin?","Has grown/ increased in the last year","Economic interests(financial gain)","6","5","3","2","4","1","Vulnerability assessments","Generic newspapers and news broadcaster;Specialized news sources","Yearly","No","Yes","No","No","Personal capacity","Inconvenience","Did not report to the police","USD 1,001 - 5,000"
"2017/08/05 6:57:31 am GMT+3","WAIGANJO KARANJA","waiganjokaranja@gmail.com","0722560381/0733560381","KENYA MEDICAL SUPPLIES AUTHORITY","501 - 1000","Healthcare Services","Very concerned","In-house by someone who is in charge of (security) policies on behalf of the organisation, e.g., a sysadmin?","Has grown/ increased in the last year","Economic interests(financial gain)","3","3","1","1","1","1","Vulnerability assessments;Audits","Generic newspapers and news broadcaster;Specialized news sources;Social media network contacts","Never","No","No","No","No","No","","","USD 1,001 - 5,000"
"2017/08/05 7:02:41 am GMT+3","Joseph Kinyanjui","jkinyanjui58@gmail.com","0722930358","NAIROBI CITY COUTY","501 - 1000","Government","Moderately concerned","In-house CERT","Has grown/ increased in the last year","Technology","3","6","4","3","4","5","Audits","I do not keep up to date","Only if there is a problem","Yes","No","Yes","No","Personal capacity","Loss of money","Did not report to the police","Don't know"
"2017/08/05 7:07:47 am GMT+3","S.muoki","syluester.muoki@gmail.com","0722661061","GM","1000+","Manufacturing","Extremely concerned","In-house by someone who is in charge of (security) policies on behalf of the organisation, e.g., a sysadmin?","Has grown/ increased in the last year","Security education, training and awareness;Economic interests(financial gain);Business competition (sabotage, IP theft)","5","2","1","1","1","1","Penetration testing;Vulnerability assessments;Audits","Specialized news sources;Consulting companies;Outsourced services","Monthly","Yes","Yes","Yes","Yes","Personal capacity","Down time;Inconvenience","Did not report to the police","USD 10,000+"
"2017/08/05 7:13:14 am GMT+3","Joan Omanjo","Jomanjo@oldmutual.com","0715609997","oldmutual","1000+","Financial Services","Very concerned","Outsourced to an independent specialist or organisation","Has grown/ increased in the last year","Security education, training and awareness;Economic interests(financial gain);Business competition (sabotage, IP theft)","1","1","2","2","2","1","Penetration testing;Vulnerability assessments;Audits","Generic newspapers and news broadcaster;Specialized news sources;Consulting companies;Outsourced services;Social media network contacts","Yearly","Yes","No","Yes","Yes","Through work","Loss of money;Down time;Loss of reputation","Reported to the police, who contacted me/my organisation but no further action took place","USD 10,000+"
"2017/08/05 7:20:02 am GMT+3","Timothy Othiambo","raphtim@gmail.com","0721456988","Barday Bank","1000+","Financial Services","Extremely concerned","In-house by someone who is in charge of (security) policies on behalf of the organisation, e.g., a sysadmin?","Has grown/ increased in the last year","Technology;Business competition (sabotage, IP theft)","2","3","1","2","1","2","Penetration testing;Vulnerability assessments;Audits","Generic newspapers and news broadcaster;Specialized news sources","Yearly","Yes","No","No","Yes","Through work","Inconvenience","Did not report to the police","USD 10,000+"
"2017/08/05 7:35:00 am GMT+3","Lucy Butichi","lbutichi@kra.go.ke","0722839306","KRA","1000+","Government","Extremely concerned","In-house by someone who is in charge of (security) policies on behalf of the organisation, e.g., a sysadmin?","Has grown/ increased in the last year","Security education, training and awareness;Lack of integrity (corruption);Economic interests(financial gain)","3","3","2","3","2","2","Penetration testing;Audits","Generic newspapers and news broadcaster","Only if there is a problem","Yes","No","No","No","Through work","Loss of money;Down time;Loss of reputation","Did not report to the police","USD 10,000+"
"2017/08/05 7:39:12 am GMT+3","G.Wainaina","gwainaina72@gmail.com","","Kenya civil Aviation Authority","501 - 1000","Telecommunication","Extremely concerned","In-house by someone who is in charge of (security) policies on behalf of the organisation, e.g., a sysadmin?","Has grown/ increased in the last year","Security education, training and awareness","6","4","3","2","5","1","Audits","Social media network contacts","Monthly","Yes","Yes","No","No","Through work","Inconvenience","Didn’t know how to report to the police","Don't know"
"2017/08/05 7:43:56 am GMT+3","Joshua Mutari","djatandi@yahoo.com","0720944563","standard media Group","501 - 1000","Telecommunication","Extremely concerned","In-house by someone who is in charge of (security) policies on behalf of the organisation, e.g., a sysadmin?","Has grown/ increased in the last year","Technology","2","1","1","2","1","1","Penetration testing;Vulnerability assessments;Audits","Specialized news sources;Consulting companies;Social media network contacts","Only if there is a problem","Yes","Yes","Yes","No","Personal capacity","Psychologically harmful","Didn’t know how to report to the police","USD 1,001 - 5,000"
"2017/08/05 7:49:10 am GMT+3","Njeri Mutura","njerim@microsoft.com","0710340164","Microsoft","1000+","Cyber Security Sector","Extremely concerned","In-house by someone who is in charge of (security) policies on behalf of the organisation, e.g., a sysadmin?","Has grown/ increased in the last year","Technology","1","1","1","1","1","1","Penetration testing;Vulnerability assessments;Audits","Generic newspapers and news broadcaster;Specialized news sources","Monthly","Yes","Yes","Yes","Yes","Personal capacity","Down time;Inconvenience;Psychologically harmful","Did not report to the police","USD 10,000+"
"2017/08/05 8:05:24 pm GMT+3","Maryanne M Mwai","maryanne.mwai@outlook.com","0705789307/0720988123","Multimedia University Of Kenya","101 - 500","Academia","Very concerned","By the Internet Service Provider","Has grown/ increased in the last year","Technology;Security education, training and awareness;Lack of integrity (corruption)","5","1","1","2","2","1","Audits","Specialized news sources;Outsourced services","Monthly","Yes","No","Yes","Yes","No","No effect","Did not report to the police","USD 1,001 - 5,000"
"2017/08/05 8:17:18 pm GMT+3","ERIC KANG'ETHE","erickangethe1@gmail.com","0722589020","Braclays Bank Kenya","1000+","Banking","Extremely concerned","In-house by someone who is in charge of (security) policies on behalf of the organisation, e.g., a sysadmin?","Has grown/ increased in the last year","Economic interests(financial gain)","","","","","","","Penetration testing;Vulnerability assessments;Audits","Generic newspapers and news broadcaster;Specialized news sources;Consulting companies;Outsourced services;Social media network contacts","Yearly","Yes","Yes","No","Yes","Personal capacity","Loss of money","Reported to the police, who followed it through to successful prosecution","Don't know"
"2017/08/05 9:30:42 pm GMT+3","LILLIAN MBULA"," lillianmbula@gmail.com","0702245876","NSE","21 - 100","Financial Services","Extremely concerned","In-house by someone who is in charge of (security) policies on behalf of the organisation, e.g., a sysadmin?","Has grown/ increased in the last year","Security education, training and awareness","3","6","4","4","4","4","Penetration testing;Audits","Generic newspapers and news broadcaster;Specialized news sources;Outsourced services","Monthly","Yes","No","Yes","No","Personal capacity;Through work","Down time;Inconvenience","Did not report to the police","USD 1,001 - 5,000"
"2017/08/05 9:49:19 pm GMT+3","","N/A","","","501 - 1000","Private Sector","Very concerned","In-house by someone who is in charge of (security) policies on behalf of the organisation, e.g., a sysadmin?","Has grown/ increased in the last year","Security education, training and awareness","6","4","3","2","","1","Audits","I do not keep up to date","Never","Yes","No","No","No","No","","","Don't know"
"2017/08/05 9:58:42 pm GMT+3","RUFINA ACHIENG ","rufina.achieng@gmail.com/rufina.achieng@moindiconsulting.com","","Moindi Consulting Company","1 - 5","Professional Services","Very concerned","I manage my own cyber security","Has grown/ increased in the last year","Security education, training and awareness","2","1","4","6","2","4","Vulnerability assessments","Specialized news sources;Consulting companies","Monthly","Yes","No","Yes","No","No","No effect","","USD 1 - 1,000"
"2017/08/05 10:01:53 pm GMT+3","Joyce K","joykimau@gmail.com","","","1000+","Telecommunication","Extremely concerned","","Has grown/ increased in the last year","Technology","3","6","3","6","4","6","Penetration testing;Vulnerability assessments;Audits","Generic newspapers and news broadcaster;Specialized news sources","Monthly","Yes","Yes","No","Yes","Personal capacity","Loss of money;Inconvenience","Reported to the police, who followed it through to successful prosecution","USD 5,001 - 10,000"
"2017/08/05 10:08:46 pm GMT+3","JAMES OAONDA","kogonda@gmail.com  ","+254724935126","RETIREMENT BENEFITS AUTHORITY","21 - 100","Government","Extremely concerned","I manage my own cyber security","Has grown/ increased in the last year","Security education, training and awareness","4","2","4","2","4","1","Vulnerability assessments;Audits","Specialized news sources;Consulting companies;Social media network contacts","Yearly","Yes","No","No","No","Personal capacity;Through work","Down time;Inconvenience","Did not report to the police","USD 1,001 - 5,000"
"2017/08/05 10:17:06 pm GMT+3","Gladys","gladcherolo@gmail.com","+254727561059","","501 - 1000","Government","Moderately concerned","In-house CERT","Has grown/ increased in the last year","Technology;Security education, training and awareness;Economic interests(financial gain)","1","3","2","2","2","1","Vulnerability assessments","Outsourced services;Social media network contacts","Monthly","Yes","No","Yes","No","Personal capacity","No effect","Did not report to the police","USD 1,001 - 5,000"
"2017/08/05 10:33:54 pm GMT+3","George Obunaka","gobunaka@sasra.go.ke","0721- 860752","SASRA","21 - 100","Government","Moderately concerned","In-house by someone who is in charge of (security) policies on behalf of the organisation, e.g., a sysadmin?","Has grown/ increased in the last year","Economic interests(financial gain)","2","3","4","1","6","5","Audits","Generic newspapers and news broadcaster;Social media network contacts","Only if there is a problem","Yes","No","No","No","No","","","USD 1,001 - 5,000"
"2017/08/05 10:41:29 pm GMT+3","DAVID MBARANI","dvdmbarani@gamil.com","0722606134","","101 - 500","Government","Extremely concerned","In-house by someone who is in charge of (security) policies on behalf of the organisation, e.g., a sysadmin?","Has grown/ increased in the last year","Security education, training and awareness","3","4","5","1","6","2","Audits","Generic newspapers and news broadcaster;Social media network contacts","Never","No","No","No","No","Personal capacity","Inconvenience","Did not report to the police","USD 1 - 1,000"
"2017/08/06 12:12:46 am GMT+3","ISSENE M LIBAN","issenemohamed@gmail.com","0722528953","KpmG","1000+","Private Sector","Very concerned","In-house by someone who is in charge of (security) policies on behalf of the organisation, e.g., a sysadmin?","Has grown/ increased in the last year","Security education, training and awareness","2","1","2","1","2","1","Penetration testing;Vulnerability assessments;Audits","Specialized news sources","Weekly","No","Yes","Yes","Yes","No","","","USD 5,001 - 10,000"
"2017/08/06 12:17:04 am GMT+3","Michael Katundu","katundu@ca.go.ke","0722527715","Communications Authority Of Kenya","101 - 500","Government","Very concerned","In-house by someone who is in charge of (security) policies on behalf of the organisation, e.g., a sysadmin?","Has grown/ increased in the last year","Security education, training and awareness;Lack of integrity (corruption);Economic interests(financial gain)","1","2","5","3","6","4","Penetration testing;Vulnerability assessments;Audits","Generic newspapers and news broadcaster;Specialized news sources;Social media network contacts","Weekly","No","No","Yes","No","Through work","Down time;Inconvenience;Loss of reputation","Did not report to the police","USD 10,000+"
"2017/08/06 12:20:58 am GMT+3","David Musyoka","Kyalodavid@gmail.com","0721343820","SAFARICOM","1000+","Telecommunication","Extremely concerned","In-house by someone who is in charge of (security) policies on behalf of the organisation, e.g., a sysadmin?","Has grown/ increased in the last year","Security education, training and awareness","1","1","1","1","1","1","Penetration testing;Vulnerability assessments;Audits","Generic newspapers and news broadcaster;Specialized news sources;Consulting companies;Outsourced services;Social media network contacts","Weekly","No","Yes","Yes","Yes","No","","Reported to the police, who followed it through to successful prosecution","Don't know"
"2017/08/06 12:25:32 am GMT+3","S Mwangi","mwangisk@centralbank.go.ke","","CBK","1000+","Government","Extremely concerned","In-house CERT","Has grown/ increased in the last year","Technology","5","5","4","1","5","1","Penetration testing;Vulnerability assessments;Audits","I do not keep up to date","Yearly","No","Yes","No","Yes","Through work","No effect","","Don't know"
"2017/08/14 8:28:06 am GMT+3","Francis Alaro","francis.alaro@gab.co.ke","0721384075","GAB","501 - 1000","Financial Services","Extremely concerned","In-house by someone who is in charge of (security) policies on behalf of the organisation, e.g., a sysadmin?","Has grown/ increased in the last year","Technology;Security education, training and awareness","5","4","6","5","5","6","Penetration testing;Audits","Generic newspapers and news broadcaster;Consulting companies;Social media network contacts","Yearly","No","Yes","Yes","Yes","Personal capacity","Inconvenience","Did not report to the police","USD 1,001 - 5,000"
"2017/09/14 12:19:26 pm GMT+3","Lydia Chepchumba","N/A","N/A","N/A","1000+","Academia","Moderately concerned","In-house by someone who is in charge of (security) policies on behalf of the organisation, e.g., a sysadmin?","Not much of an issue","Technology;Economic interests(financial gain)","3","3","2","2","2","2","Vulnerability assessments;Audits","Social media network contacts","Never","Yes","No","No","No","Personal capacity","No effect","Did not report to the police","Don't know"
"2017/09/18 8:41:43 am GMT+3","Josephson. K","kskiplangat@gmail.com","0786764709","Agriculture Information","21 - 100","Government","Extremely concerned","I manage my own cyber security","Has reduced in the past year","Technology;Economic interests(financial gain)","3","3","1","1","1","1","Audits","Specialized news sources;Social media network contacts","Yearly","Yes","Yes","Yes","No","No","No effect","","USD 1 - 1,000"
"2017/10/19 12:26:00 pm GMT+3","Bernard Kioko Mutisya","bernardmutisya@yahoo.com","0254 0725 264 409 ","Kenya Revenue Aurhority","1000+","Government","Extremely concerned","In-house by someone who is in charge of (security) policies on behalf of the organisation, e.g., a sysadmin?","Has grown/ increased in the last year","Technology","6","6","6","6","6","6","Vulnerability assessments","Generic newspapers and news broadcaster","Monthly","No","Yes","Yes","Yes","No","Down time","Did not report to the police","USD 10,000+"
"2017/10/19 2:44:33 pm GMT+3","Stella Kariuki","stellahkariuki@gmail.com","+254724663609","Jubilee Insurance","501 - 1000","Insurance","Very concerned","In-house by someone who is in charge of (security) policies on behalf of the organisation, e.g., a sysadmin?","Has grown/ increased in the last year","Technology","5","6","6","5","6","6","Penetration testing;Vulnerability assessments;Audits","Generic newspapers and news broadcaster","Only if there is a problem","Yes","No","Yes","No","No","No effect","","USD 1 - 1,000"
"2017/10/19 2:53:18 pm GMT+3","Steve Karechio","karechio@gmail.com","","","101 - 500","Financial Services","Very concerned","In-house by someone who is in charge of (security) policies on behalf of the organisation, e.g., a sysadmin?","Has grown/ increased in the last year","Technology;Security education, training and awareness","4","6","5","5","6","6","Penetration testing;Vulnerability assessments;Audits","Specialized news sources;Consulting companies;Outsourced services","Monthly","Yes","Yes","No","Yes","Personal capacity;Through work","Inconvenience;Loss of reputation","Reported to the police, who followed it through but no prosecution took place","USD 5,001 - 10,000"
"2017/10/19 4:19:36 pm GMT+3","KANYI MWAI","kanyidavidmwai@gmail.com","0724043990","GDC","1000+","Government","Moderately concerned","In-house by someone who is in charge of (security) policies on behalf of the organisation, e.g., a sysadmin?","Has grown/ increased in the last year","Technology;Security education, training and awareness;Economic interests(financial gain)","6","6","6","6","6","6","Penetration testing;Vulnerability assessments;Audits","Generic newspapers and news broadcaster;Consulting companies","Never","Yes","No","No","No","No","No effect","","Don't know"
"2017/10/19 4:26:39 pm GMT+3","Elias Mugo","ekithaka@yahoo.com","","","1000+","Manufacturing","Moderately concerned","In-house by someone who is in charge of (security) policies on behalf of the organisation, e.g., a sysadmin?","Has grown/ increased in the last year","Security education, training and awareness;Economic interests(financial gain);Business competition (sabotage, IP theft)","5","6","6","5","4","3","Vulnerability assessments;Audits","I do not keep up to date","Yearly","No","Yes","Yes","No","No","No effect","Did not report to the police","Don't know"
"2017/10/19 4:31:44 pm GMT+3","","djatandi@yahoo.com","","","501 - 1000","Private Sector","Very concerned","In-house by someone who is in charge of (security) policies on behalf of the organisation, e.g., a sysadmin?","Has grown/ increased in the last year","Technology;Lack of integrity (corruption);Economic interests(financial gain)","2","4","5","5","5","5","Penetration testing;Audits","Specialized news sources;Outsourced services","Only if there is a problem","Yes","No","Yes","No","Through work","Down time;Inconvenience","Did not report to the police","USD 1,001 - 5,000"
"2017/10/19 4:35:50 pm GMT+3","Terry W. Macharia","terry@omnis.co.ke","+254735819771","Omnis Limited","1 - 5","Private Sector","Moderately concerned","I manage my own cyber security","Not much of an issue","Technology;Security education, training and awareness","6","5","3","6","4","6","Penetration testing;Vulnerability assessments;Audits","Generic newspapers and news broadcaster;Specialized news sources","Only if there is a problem","Yes","No","Yes","No","Personal capacity","Down time;Inconvenience;Loss of reputation","Did not report to the police","USD 1 - 1,000"
"2017/10/19 4:51:55 pm GMT+3","C. Ndege","crln_ndg@yahoo.com","","","1000+","Banking","Extremely concerned","In-house by someone who is in charge of (security) policies on behalf of the organisation, e.g., a sysadmin?","Has grown/ increased in the last year","Technology;Security education, training and awareness;Economic interests(financial gain)","6","6","6","6","6","6","Penetration testing;Vulnerability assessments;Audits","Generic newspapers and news broadcaster;Specialized news sources;Consulting companies;Outsourced services;Social media network contacts","Monthly","Yes","Yes","Yes","Yes","Personal capacity","Down time;Inconvenience;Psychologically harmful","Did not report to the police","USD 10,000+"
"2017/10/20 12:20:20 am GMT+3","Ben J","bj48810@gmail.com","0723826440","","1000+","Government","Very concerned","In-house by someone who is in charge of (security) policies on behalf of the organisation, e.g., a sysadmin?","Has grown/ increased in the last year","Security education, training and awareness;Lack of integrity (corruption);Economic interests(financial gain)","6","3","5","5","4","6","Audits;Don't know","Generic newspapers and news broadcaster;I do not keep up to date","Yearly","Yes","No","No","No","Personal capacity;No","Inconvenience;No effect","","Don't know"
"2017/10/21 1:01:29 pm GMT+3","FAITH","fwawira@gmail.com","0710169206","WATER RESOURCES AUTHORITY","1000+","Government","Slightly concerned","In-house by someone who is in charge of (security) policies on behalf of the organisation, e.g., a sysadmin?","Has grown/ increased in the last year","Technology;Security education, training and awareness;Lack of integrity (corruption);Economic interests(financial gain);Business competition (sabotage, IP theft)","5","6","6","6","6","6","Audits","Generic newspapers and news broadcaster;Specialized news sources;Outsourced services;Social media network contacts","Yearly","Yes","No","No","No","No","No effect","","Don't know"
"2017/10/23 10:05:51 am GMT+3","","cyprian.ongeri@strathmore.edu","","","101 - 500","Telecommunication","Very concerned","In-house CERT","Has grown/ increased in the last year","Security education, training and awareness","2","5","2","2","5","5","Audits","Social media network contacts","Only if there is a problem","No","Yes","Yes","Yes","No","No effect","Did not report to the police","Don't know"
"2017/10/23 10:27:56 am GMT+3","Olive Gitau","gitauom@centralbank.go.ke","+254724156257","Central Bank of Kenya","1000+","Government","Extremely concerned","In-house by someone who is in charge of (security) policies on behalf of the organisation, e.g., a sysadmin?","Has grown/ increased in the last year","Security education, training and awareness;Economic interests(financial gain)","1","4","3","6","2","5","Vulnerability assessments;Audits","Generic newspapers and news broadcaster;Specialized news sources","Never","No","Yes","No","Yes","No","","","Don't know"
"2017/10/23 10:57:57 am GMT+3","Michael Abuli","mabuli@outlook.com","+254720308762","HELB","101 - 500","Government","Extremely concerned","Don’t know","Has grown/ increased in the last year","Technology;Security education, training and awareness;Lack of integrity (corruption)","6","6","6","6","6","6","Penetration testing","Social media network contacts","Never","Yes","No","No","No","Through work","Loss of money","Reported to the police, who contacted me/my organisation but no further action took place","USD 1,001 - 5,000"
"2017/10/24 7:20:26 pm GMT+3","peter numi","kamandepeter.pk@gmail.com","0707897394","United States International University - Africa (USIU-A)","1000+","Academia","Extremely concerned","In-house by someone who is in charge of (security) policies on behalf of the organisation, e.g., a sysadmin?","Has grown/ increased in the last year","Security education, training and awareness","5","6","5","6","6","","Penetration testing;Vulnerability assessments;Audits","Generic newspapers and news broadcaster;Specialized news sources;Social media network contacts","Weekly","Yes","Yes","Yes","Yes","No","","","Don't know"
"2017/10/27 10:26:54 am GMT+3","John","Johnsonkaris@yahoo.com","+254720367216","","101 - 500","Manufacturing","Very concerned","Outsourced to an independent specialist or organisation","Has grown/ increased in the last year","Security education, training and awareness;Lack of integrity (corruption);Economic interests(financial gain)","4","5","4","6","4","6","Vulnerability assessments","I do not keep up to date","Only if there is a problem","Yes","No","Yes","No","Through work","Loss of reputation;No effect","Did not report to the police","USD 1 - 1,000"
"2017/10/28 2:25:01 pm GMT+3","","Kiprotich101@gmail.com","0721237167","SAFARICOM","1000+","Telecommunication","Extremely concerned","In-house by someone who is in charge of (security) policies on behalf of the organisation, e.g., a sysadmin?","Has grown/ increased in the last year","Lack of integrity (corruption)","","1","1","1","","","Penetration testing;Vulnerability assessments;Audits","I do not keep up to date","Monthly","No","Yes","Yes","Yes","Personal capacity","Loss of money","Reported to the police with no further action","Don't know"
"2017/11/02 9:35:21 am GMT+3","","nouma@kpa.co.ke","","","1000+","Government","Extremely concerned","In-house by someone who is in charge of (security) policies on behalf of the organisation, e.g., a sysadmin?","Has grown/ increased in the last year","Technology;Security education, training and awareness;Lack of integrity (corruption);Economic interests(financial gain);Business competition (sabotage, IP theft)","6","6","6","6","6","6","Penetration testing;Audits","Generic newspapers and news broadcaster","Only if there is a problem","Yes","No","Yes","No","Through work","Loss of money;Down time;Inconvenience;Psychologically harmful","Did not report to the police","Don't know"
"2017/11/03 2:48:32 pm GMT+3","","guidemarks@gmail.com","","","501 - 1000","Banking","Very concerned","In-house CERT","Has grown/ increased in the last year","Technology;Security education, training and awareness;Economic interests(financial gain)","5","4","6","6","3","5","Penetration testing;Vulnerability assessments;Audits","Specialized news sources","Weekly","Yes","Yes","Yes","Yes","Personal capacity","Loss of money;Inconvenience","Reported to the police, who followed it through but no prosecution took place","USD 10,000+"
"2017/11/04 8:48:29 am GMT+3","","Carolineosiro57@gmail.com","","","1000+","Banking","Extremely concerned","In-house by someone who is in charge of (security) policies on behalf of the organisation, e.g., a sysadmin?","Has grown/ increased in the last year","Technology;Security education, training and awareness;Economic interests(financial gain)","2","2","3","3","3","2","Vulnerability assessments;Audits","Specialized news sources","Yearly","No","Yes","No","No","Through work","Loss of money","","Don't know"
"2018/01/15 2:16:47 pm GMT+3","Rakesh","raku_ravi@rediffmail.com","","","501 - 1000","Professional Services","Very concerned","In-house CERT","Has grown/ increased in the last year","Technology;Security education, training and awareness;Economic interests(financial gain);Business competition (sabotage, IP theft)","6","5","6","6","4","6","Penetration testing;Vulnerability assessments;Audits","Specialized news sources","Monthly","Yes","Yes","Yes","Yes","No","","","USD 10,000+"
"2018/02/16 8:57:17 am GMT+3","Silas","thuranira@yahoo.com","0722339782","Postbank","501 - 1000","Banking","Moderately concerned","In-house by someone who is in charge of (security) policies on behalf of the organisation, e.g., a sysadmin?","Has grown/ increased in the last year","Security education, training and awareness;Economic interests(financial gain);Business competition (sabotage, IP theft)","4","5","4","6","5","6","Penetration testing;Vulnerability assessments;Audits","Generic newspapers and news broadcaster;Specialized news sources;Consulting companies;Outsourced services;Social media network contacts","Never","Yes","No","No","No","Through work","Loss of money;Down time;Inconvenience;Psychologically harmful;Loss of reputation","Reported to the police, who contacted me/my organisation but no further action took place","USD 5,001 - 10,000"
"2018/03/05 11:11:18 am GMT+3","David Keen","masterkenns@gmail.com","-","-","1000+","Banking","Very concerned","In-house by someone who is in charge of (security) policies on behalf of the organisation, e.g., a sysadmin?","Has grown/ increased in the last year","Technology;Security education, training and awareness;Economic interests(financial gain)","5","5","6","4","6","6","Penetration testing;Vulnerability assessments;Audits","Specialized news sources","Monthly","No","No","No","Yes","No","","","USD 10,000+"
"2018/03/13 9:04:38 pm GMT+3","Ignus Botha","ibotha@mimecast.com","+27726590902","Mimecast ","1000+","Cyber Security Sector","Slightly concerned","In-house CERT","Has grown/ increased in the last year","Technology;Security education, training and awareness;Economic interests(financial gain)","5","6","6","5","4","5","Penetration testing;Vulnerability assessments;Audits","Specialized news sources;Consulting companies;Social media network contacts","Weekly","Yes","Yes","Yes","Yes","No","No effect","","Don't know"
"2018/03/28 9:11:22 pm GMT+3","Nimrod","naman@kensi.org","254726418618","KENSI","6 - 20","Government","Very concerned","","Has grown/ increased in the last year","Technology;Economic interests(financial gain);Business competition (sabotage, IP theft)","3","6","4","5","6","5","Penetration testing;Vulnerability assessments;Audits","Consulting companies;Outsourced services","Yearly","No","Yes","Yes","Yes","Personal capacity","Down time;Inconvenience","Reported to the police, who followed it through but no prosecution took place","USD 1,001 - 5,000"
"2018/04/10 11:42:07 am GMT+3","Stella Cherono","stellacheronom@gmail.com","0721840792","NATION MEDIA GROUP","1000+","Professional Services","Extremely concerned","In-house by someone who is in charge of (security) policies on behalf of the organisation, e.g., a sysadmin?","Has grown/ increased in the last year","Technology","1","1","1","1","1","1","Penetration testing;Vulnerability assessments;Audits","Outsourced services","Only if there is a problem","Yes","No","Yes","Yes","Personal capacity","Loss of money;Psychologically harmful;Loss of reputation","Reported to the police with no further action","Don't know"
"2018/04/19 1:37:32 pm GMT+3","Dennis Kahara","dennismacharia59@yahoo.co.uk","07990303774","Posh impex","1 - 5","Telecommunication","Extremely concerned","In-house by someone who is in charge of (security) policies on behalf of the organisation, e.g., a sysadmin?","Has grown/ increased in the last year","Technology","5","5","5","5","5","5","Audits","Social media network contacts","Never","Yes","No","No","No","Through work","Down time","Did not report to the police","USD 0"
"2018/04/19 1:37:56 pm GMT+3","Dennis Kahara","dennismacharia59@yahoo.co.uk","07990303774","Posh impex","1 - 5","Telecommunication","Extremely concerned","In-house by someone who is in charge of (security) policies on behalf of the organisation, e.g., a sysadmin?","Has grown/ increased in the last year","Technology","5","5","5","5","5","5","Audits","Social media network contacts","Never","Yes","No","No","No","Through work","Down time","Did not report to the police","USD 0"