"Timestamp","Username","Name:","Email Address:","Phone Number:","Name of your organisation: "," How many employees work for your company?","Which category most closely fits your organization type?","How much of a concern is cybercrime for your organization?","How is your  organisation’s cyber security managed?","According to your opinion cybercrime in Lesotho.. ","According to your opinion, cybercrime is a problem rooted in...? [Please select at most 3 options.]","To make the Internet a safer place and to fight cyber-crime, what are the topics we should conduct more research on? [Please rank all option(s) with '1' being the least and '6' being the highest]  [Better metrics and statistics on cybercrime]","To make the Internet a safer place and to fight cyber-crime, what are the topics we should conduct more research on? [Please rank all option(s) with '1' being the least and '6' being the highest]  [Better laws and regulations]","To make the Internet a safer place and to fight cyber-crime, what are the topics we should conduct more research on? [Please rank all option(s) with '1' being the least and '6' being the highest]  [Improved technology for our networks and operating systems]","To make the Internet a safer place and to fight cyber-crime, what are the topics we should conduct more research on? [Please rank all option(s) with '1' being the least and '6' being the highest]  [Improve our understanding of society and the cyber community]","To make the Internet a safer place and to fight cyber-crime, what are the topics we should conduct more research on? [Please rank all option(s) with '1' being the least and '6' being the highest]  [Better encryption and improved privacy]","To make the Internet a safer place and to fight cyber-crime, what are the topics we should conduct more research on? [Please rank all option(s) with '1' being the least and '6' being the highest]  [Better education of users of the Internet]","Which of the following security testing techniques does your organization use? (Select all that apply)","Is there a dedicated role/person within your organisation assigned to distributing/communicating latest cybersecurity updates? If yes, what are the avenues used to collect information?","How often are staff trained on cybersecurity risks?","Does your organisation allow the use of Bring Your Own Devices (BYODs)? ","Does your organisation have a best practice policy for BYOD? (Select one option)","Does your organization allow/utilize Cloud Services or Internet of Things Tech (Big Data Analytics)?","Does your organization have a best practice policy for IoT and Cloud Services?","Have you been a victim of  any cybercriminal activity in the last 5 years?In what capacity?","If you have been a victim of cybercrime in the last 5 years, what were the implications?(Select all that apply)","If you have been a victim of cybercrime, what action followed? (Select one option)","Approximately how much does your organisation spend annually on cyber security?(Select one option)"
"2018/06/19 4:31:24 pm GMT+3","","Adache Sunday","abejuh@gmail.com","+266-58689662","PKF consult","6 - 20","Professional Services","Very concerned","I manage my own cyber security","Has not changed since last year","Security education, training and awareness;Lack of integrity (corruption);Economic interests(financial gain)","2","5","5","4","6","5","Don't know","Social media network contacts","Only if there is a problem","Yes","No","No","No","Personal capacity","Down time;Inconvenience;Psychologically harmful","Did not report to the police","USD 1 - 1,000"
"2018/06/21 8:05:38 am GMT+3","hlomisik@wasco.com","Kamohelo Hlomiisi","hlomisik@wasco.com","+26662007781","WASCO","501 - 1000","Government","Extremely concerned","In-house by someone who is in charge of (security) policies on behalf of the organisation, e.g., a sysadmin?","Has grown/ increased in the last year","Technology;Security education, training and awareness;Economic interests(financial gain)","5","3","6","6","6","6","Vulnerability assessments;Audits","Specialized news sources;Consulting companies","Only if there is a problem","Yes","Yes","No","No","Through work","Loss of money;Down time;Inconvenience;Loss of reputation","Did not report to the police","USD 1 - 1,000"
"2018/06/21 8:12:37 am GMT+3","saleem@enigma.co.ls","Saleem Ismail","saleem@enigma.co.ls","58745293","ENIGMA","6 - 20","Private Sector","Extremely concerned","In-house by someone who is in charge of (security) policies on behalf of the organisation, e.g., a sysadmin?","Has not changed since last year","Technology;Lack of integrity (corruption)","6","6","4","4","6","5","Vulnerability assessments;Audits","Generic newspapers and news broadcaster;Specialized news sources","Yearly","Yes","Yes","Yes","Yes","No","","","USD 1 - 1,000"
"2018/06/21 10:20:26 am GMT+3","md@cbs.coils","Mohlalefi Sefiha","","+266 58 850870","Computer Business Solutions","21 - 100","Professional Services","Extremely concerned","In-house by someone who is in charge of (security) policies on behalf of the organisation, e.g., a sysadmin?","Has grown/ increased in the last year","Technology;Security education, training and awareness","6","6","4","5","5","6","Penetration testing;Vulnerability assessments;Audits","I do not keep up to date","Only if there is a problem","Yes","No","Yes","Yes","Through work","Loss of money;Down time;Psychologically harmful;Loss of reputation","Reported to the police with no further action","USD 1,001 - 5,000"
"2018/06/21 10:40:05 am GMT+3","nnenam@boliba.co.ls","Namroi Nena","nnenam@boliba.co.ls","58870445","BOLIBA SAVINGS & CREDIT COOPERATATIVE","21 - 100","Financial Services","Slightly concerned","In-house by someone who is in charge of (security) policies on behalf of the organisation, e.g., a sysadmin?","Not much of an issue","Technology;Security education, training and awareness;Lack of integrity (corruption);Economic interests(financial gain);Business competition (sabotage, IP theft)","3","5","6","5","6","6","Audits","Consulting companies;Outsourced services","Only if there is a problem","No","Yes","No","Yes","No","","","USD 1,001 - 5,000"
"2018/06/21 10:49:01 am GMT+3","yolamu@ngc.co.ls","Yolamu Norojele","yolamu@ngc.co.ls","52216200","NGC","21 - 100","Private Sector","Very concerned","In-house by someone who is in charge of (security) policies on behalf of the organisation, e.g., a sysadmin?","Has not changed since last year","Technology;Security education, training and awareness;Lack of integrity (corruption);Economic interests(financial gain);Business competition (sabotage, IP theft)","5","6","5","5","5","6","Penetration testing","I do not keep up to date","Only if there is a problem","No","Yes","Yes","No","Through work","No effect","Did not report to the police","USD 1 - 1,000"
"2018/06/21 10:55:08 am GMT+3","hfrakwane@bamconsultancy.co.ls","Hiahiobo Rakwane","","50718229","Bam Group","21 - 100","Professional Services","Moderately concerned","","Not much of an issue","Economic interests(financial gain)","1","5","3","1","6","6","Don't know","Outsourced services","Never","Yes","No","Yes","No","Through work","Down time;Inconvenience;Loss of reputation","Did not report to the police","Don't know"
"2018/06/21 10:57:28 am GMT+3","deelenkeane@gmail.com","Lineo Lenkeane","deelenkeane@gmail.com","28322299","Engidala","6 - 20","Private Sector","Slightly concerned","Don’t know","Has grown/ increased in the last year","Technology;Security education, training and awareness;Lack of integrity (corruption)","5","2","5","5","5","6","Don't know","I do not keep up to date","Never","Yes","Yes","Yes","Yes","No","No effect","","Don't know"
"2018/06/21 10:58:08 am GMT+3","mmolupe@lca.org.ls","Molupe Molupe","","+266 22224300","LCA","21 - 100","Government","Extremely concerned","In-house by someone who is in charge of (security) policies on behalf of the organisation, e.g., a sysadmin?","Has grown/ increased in the last year","Technology;Economic interests(financial gain);Business competition (sabotage, IP theft)","3","5","4","5","4","6","Vulnerability assessments;Audits","Generic newspapers and news broadcaster;Specialized news sources","Yearly","Yes","No","Yes","No","No","","","USD 10,000+"
"2018/06/21 11:04:35 am GMT+3","info@zeecom.co.ls","Thembisile Miotshwa","nfo@zeecom.co.ls","22327382","ZEECOM IT SERVICES","1 - 5","Private Sector","Moderately concerned","I manage my own cyber security","Not much of an issue","Technology;Lack of integrity (corruption);Economic interests(financial gain)","2","4","5","6","6","6","Vulnerability assessments","Outsourced services;Social media network contacts","Only if there is a problem","Yes","No","Yes","No","No","No effect","","USD 1 - 1,000"
"2018/06/21 11:12:02 am GMT+3","kuleile.matlatsa@gov.ls","Kuleile Matlatsa","kuleile.matlatsa@gov.ls","58661675","Ministry of Communications, Science & Technology ","1000+","Government","Moderately concerned","I manage my own cyber security","Not much of an issue","Technology;Security education, training and awareness","4","6","5","5","5","5","Don't know","I do not keep up to date","Never","Yes","No","No","No","No","No effect","","USD 0"
"2018/06/21 11:32:40 am GMT+3","molef_makhele@yahoo.com","Makhele Molef","","62001105","NMDS","101 - 500","Government","Very concerned","By the Internet Service Provider","Has grown/ increased in the last year","Technology;Economic interests(financial gain);Business competition (sabotage, IP theft)","4","1","2","6","1","3","Penetration testing;Vulnerability assessments;Audits","Generic newspapers and news broadcaster;Consulting companies;Social media network contacts","Only if there is a problem","No","No","Yes","No","Personal capacity","Loss of money;Psychologically harmful","Did not report to the police","Don't know"
"2018/06/21 11:34:29 am GMT+3","mmpeete@gmail.com","Mokone Mpeete","mmpeete@gmail.com","59050733","MINISTRY OF HEALTH","1000+","Government","Moderately concerned","In-house by someone who is in charge of (security) policies on behalf of the organisation, e.g., a sysadmin?","Has not changed since last year","Technology;Economic interests(financial gain);Business competition (sabotage, IP theft)","5","4","6","6","4","6","Don't know","I do not keep up to date","Only if there is a problem","Yes","No","Yes","No","Through work","Inconvenience","Did not report to the police","Don't know"
"2018/06/21 11:36:30 am GMT+3","rethabilelempe@gmail.com","Rethabile Lempe","","+266 59061343","CTrack Lesotho ","6 - 20","Telecommunication","Very concerned","Outsourced to an independent specialist or organisation","Has not changed since last year","Technology;Security education, training and awareness;Lack of integrity (corruption);Economic interests(financial gain);Business competition (sabotage, IP theft)","4","4","6","4","6","6","Penetration testing;Vulnerability assessments","Outsourced services","Only if there is a problem","Yes","No","Yes","No","Through work","Loss of money;Down time;Loss of reputation","Did not report to the police","USD 1 - 1,000"
"2018/06/21 11:45:55 am GMT+3","nkhabl@lhda.org.ls","Lebohans Nkhabu","","+266 62221155","Lesotho Highlands Development Authority","101 - 500","Government","Extremely concerned","I manage my own cyber security","Has not changed since last year","Technology;Lack of integrity (corruption);Economic interests(financial gain);Business competition (sabotage, IP theft)","4","6","1","5","6","6","Vulnerability assessments;Audits","Consulting companies;Outsourced services;Social media network contacts","Yearly","Yes","Yes","No","No","Through work","Down time;Inconvenience;Psychologically harmful","Did not report to the police","Don't know"
"2018/06/21 11:47:51 am GMT+3","khopotso.nkalai@laa.org.ls","Khopotso Nkalai","khopotso.nkalai@laa.org.ls","+266 22214100","Land Administration Authority","21 - 100","Government","Very concerned","In-house by someone who is in charge of (security) policies on behalf of the organisation, e.g., a sysadmin?","Not much of an issue","Technology;Economic interests(financial gain);Business competition (sabotage, IP theft)","3","6","6","5","5","6","Vulnerability assessments","I do not keep up to date","Only if there is a problem","Yes","No","No","No","Through work","Down time","Did not report to the police","Don't know"
"2018/06/21 11:49:46 am GMT+3","Ramohlankamotlatsi@gmail.com","Motlatsi Ramohlanka ","","59418306","Metropolitan ","101 - 500","Insurance","Very concerned","In-house CERT","Has grown/ increased in the last year","Technology;Security education, training and awareness;Economic interests(financial gain)","5","6","3","4","1","2","Don't know","Specialized news sources;I do not keep up to date","Only if there is a problem","Yes","Yes","Yes","Yes","No","No effect","","Don't know"
"2018/06/21 11:54:00 am GMT+3","kraliche@mamothhealth.com","Kebitsamana Raliche","","+266 62322387","Maoth Employee Benefits","21 - 100","Healthcare Services","Extremely concerned","Outsourced to an independent specialist or organisation","Not much of an issue","Technology;Lack of integrity (corruption);Economic interests(financial gain);Business competition (sabotage, IP theft)","3","6","6","6","4","5","Don't know","I do not keep up to date","Never","No","No","No","No","No","No effect","","USD 0"
"2018/06/21 11:57:50 am GMT+3","shoaepanel@stanbic.com","Letapata Shoaepane","","+206 56217450","Standard Lesotho Bank","501 - 1000","Banking","Very concerned","In-house by someone who is in charge of (security) policies on behalf of the organisation, e.g., a sysadmin?","Has grown/ increased in the last year","Technology;Security education, training and awareness;Economic interests(financial gain)","6","3","6","6","6","5","Vulnerability assessments;Audits","Generic newspapers and news broadcaster;Specialized news sources","Yearly","No","No","Yes","Yes","No","No effect","Did not report to the police","Don't know"
"2018/06/21 11:59:25 am GMT+3","skokoane@gmail.com","Soro Kokoane","skokoane@gmail.com","+266 59420140","World Vision","101 - 500","Private Sector","Slightly concerned","In-house by someone who is in charge of (security) policies on behalf of the organisation, e.g., a sysadmin?","Has grown/ increased in the last year","Lack of integrity (corruption);Economic interests(financial gain);Business competition (sabotage, IP theft)","6","6","6","6","6","6","Vulnerability assessments","I do not keep up to date","Yearly","No","No","Yes","Yes","No","No effect","","Don't know"
"2018/06/21 12:01:57 pm GMT+3","mmosesane@yahoo.com","Lucia Mosesane","","","","501 - 1000","Government","Moderately concerned","","Has grown/ increased in the last year","Lack of integrity (corruption);Economic interests(financial gain);Business competition (sabotage, IP theft)","4","6","6","5","5","6","Audits","I do not keep up to date","Only if there is a problem","Yes","No","No","No","No","","","USD 0"
"2018/06/21 12:05:41 pm GMT+3","l.cetebele@gmail.com","Lillo Cetebele","l.cetebele@gmail.com","+266 59007944","Custom IT consulting","6 - 20","Private Sector","Very concerned","By the Internet Service Provider","Has not changed since last year","Lack of integrity (corruption)","3","6","6","6","6","6","Vulnerability assessments","Generic newspapers and news broadcaster","Never","No","Yes","Yes","No","Through work","Down time","Did not report to the police","Don't know"
"2018/06/21 12:05:42 pm GMT+3","palamat@eti.co.ls","Tlohans Palama","","+266 62223028","Econet Telecom Lesotho","101 - 500","Telecommunication","Extremely concerned","In-house by someone who is in charge of (security) policies on behalf of the organisation, e.g., a sysadmin?","Has grown/ increased in the last year","Technology;Security education, training and awareness;Economic interests(financial gain);Business competition (sabotage, IP theft)","4","6","6","6","4","6","Penetration testing;Vulnerability assessments;Audits","Generic newspapers and news broadcaster;Specialized news sources;Social media network contacts","Yearly","No","Yes","Yes","No","No","No effect","Did not report to the police","USD 10,000+"
"2018/06/21 12:10:43 pm GMT+3","l.letebele@custom-it.co.ls","Lilli Letebele","l.letebele@gmail.com","","Custom IT Consulting ","6 - 20","Private Sector","Very concerned","By the Internet Service Provider","Not much of an issue","Lack of integrity (corruption)","3","6","6","6","6","6","Vulnerability assessments","Generic newspapers and news broadcaster","Never","No","Yes","Yes","No","Through work","Down time","Did not report to the police","Don't know"
"2018/06/21 12:14:12 pm GMT+3","skotsoane@gmail.com","Soio Kotsoane","","+266 59420140","World Vision","101 - 500","Private Sector","Slightly concerned","In-house by someone who is in charge of (security) policies on behalf of the organisation, e.g., a sysadmin?","Has grown/ increased in the last year","Lack of integrity (corruption);Economic interests(financial gain);Business competition (sabotage, IP theft)","6","6","6","6","6","6","Vulnerability assessments","I do not keep up to date","Yearly","No","No","Yes","Yes","No","No effect","","Don't know"
"2018/06/21 12:21:32 pm GMT+3","khopotso.nkalai@laa.org.ls","Khopotso Nkalai","","22214100","Land Administration Authority ","21 - 100","Government","Very concerned","In-house by someone who is in charge of (security) policies on behalf of the organisation, e.g., a sysadmin?","Not much of an issue","Technology;Security education, training and awareness;Business competition (sabotage, IP theft)","3","6","6","6","4","6","Vulnerability assessments","I do not keep up to date","Only if there is a problem","Yes","No","No","No","Through work","Down time","Did not report to the police","Don't know"
"2018/06/21 12:23:56 pm GMT+3","mmpeete@gmail.com","Mokone Mpeete","","59050733","Ministry of Health","1000+","Government","Moderately concerned","In-house by someone who is in charge of (security) policies on behalf of the organisation, e.g., a sysadmin?","Has not changed since last year","Technology;Economic interests(financial gain);Business competition (sabotage, IP theft)","5","4","6","6","4","6","Don't know","I do not keep up to date","Only if there is a problem","Yes","No","Yes","No","Through work","Inconvenience","Did not report to the police","Don't know"
"2018/06/21 12:26:42 pm GMT+3","kuleile.matlatsa@gov.ls","Kuleile Matlatsa","","58661675","Ministry of Communication ","1000+","Government","Moderately concerned","I manage my own cyber security","Not much of an issue","Technology;Security education, training and awareness","4","6","5","5","5","5","Don't know","I do not keep up to date","Never","Yes","No","No","No","No","No effect","","USD 0"
"2018/06/21 12:29:30 pm GMT+3","info@zeecom.co.ls","Thembisile Miotshwa","","22327382","","1 - 5","Private Sector","Moderately concerned","I manage my own cyber security","Not much of an issue","Technology;Lack of integrity (corruption);Economic interests(financial gain)","2","4","4","6","6","6","Vulnerability assessments","Outsourced services;Social media network contacts","Only if there is a problem","Yes","No","Yes","No","No","No effect","","USD 1 - 1,000"
"2018/06/21 12:35:27 pm GMT+3","nnenam@boliba.co.ls","Mamroi Nena","","58870445","Boliba Savings & Cooperative ","21 - 100","Financial Services","Slightly concerned","In-house by someone who is in charge of (security) policies on behalf of the organisation, e.g., a sysadmin?","Not much of an issue","Technology;Security education, training and awareness;Lack of integrity (corruption);Economic interests(financial gain);Business competition (sabotage, IP theft)","3","5","6","5","6","6","Audits","Consulting companies;Outsourced services","Only if there is a problem","No","Yes","No","No","No","","","USD 1,001 - 5,000"
"2018/06/21 12:40:34 pm GMT+3","deelenkeane@gmail.com","Lindo Lenkeane","","28322299","Engldala","6 - 20","Private Sector","Slightly concerned","Don’t know","Has grown/ increased in the last year","Technology;Security education, training and awareness;Lack of integrity (corruption)","5","2","5","5","5","6","Don't know","I do not keep up to date","Never","Yes","Yes","No","No","No","No effect","","Don't know"
"2018/06/21 1:40:30 pm GMT+3","yolamn@mgc.co.ls","Yolamn Norojele","","52216200","MGC","21 - 100","Private Sector","Very concerned","In-house by someone who is in charge of (security) policies on behalf of the organisation, e.g., a sysadmin?","Has not changed since last year","Technology;Security education, training and awareness;Lack of integrity (corruption);Economic interests(financial gain);Business competition (sabotage, IP theft)","5","6","5","5","5","6","Penetration testing","I do not keep up to date","Only if there is a problem","No","Yes","Yes","No","Through work","No effect","Did not report to the police","USD 1 - 1,000"
"2018/07/02 10:46:27 am GMT+3","prosper.kuwa@pkf.com","Prosper","prosper.kuwa@pkf.com","+26669297995","PKF Lesotho","6 - 20","Professional Services","Moderately concerned","I manage my own cyber security","Not much of an issue","Technology","3","5","5","5","6","5","Audits","I do not keep up to date","Only if there is a problem","Yes","No","Yes","Yes","Through work","Down time","Did not report to the police","Don't know"
"2018/07/02 11:13:09 am GMT+3","brighton.mutongwizo@gmail.com","Brighton Mutongwizo","brighton.mutongwizo@gmail.com","+26668529292","PKF Lesotho","6 - 20","Professional Services","Slightly concerned","In-house CERT","Not much of an issue","Technology;Security education, training and awareness;Lack of integrity (corruption)","3","4","5","3","6","4","Don't know","I do not keep up to date","Only if there is a problem","Yes","No","Yes","Yes","No","No effect","Did not report to the police","USD 1 - 1,000"
"2018/07/02 11:25:21 am GMT+3","lumkam.mootisa@gmail.com","Lomoka Mootisa","lumkam.mootisa@gmail.com","+26658431145","PKF Lesotho","6 - 20","Professional Services","Very concerned","Don’t know","Not much of an issue","Technology;Lack of integrity (corruption);Business competition (sabotage, IP theft)","6","6","6","6","6","6","Don't know","I do not keep up to date","Never","Yes","No","Yes","No","No","","","Don't know"
"2018/07/02 11:30:14 am GMT+3","zhangazhalinda@gmail.com","Linda Zhangazha","zhangazhalinda@gmail.com","59585420","PKF Lesotho","1 - 5","Professional Services","Very concerned","Don’t know","Not much of an issue","Technology;Security education, training and awareness;Lack of integrity (corruption)","2","3","4","5","6","6","Don't know","Outsourced services","Only if there is a problem","Yes","No","Yes","No","No","","","Don't know"
"2018/07/02 11:32:36 am GMT+3","mpho.galaxies@gmail.com","Mpho","mpho.galaxies@gmail.com","+26659192249","PKF Lesotho","6 - 20","Professional Services","Extremely concerned","Don’t know","Has grown/ increased in the last year","Technology;Lack of integrity (corruption);Economic interests(financial gain)","1","6","6","6","6","6","Don't know","I do not keep up to date","Never","Yes","No","Yes","No","No","","","Don't know"
"2018/07/02 11:35:14 am GMT+3","mphimamothepane@gmail.com","Mamothepane Mphi","mphimamothepane@gmail.com","57315943","PKF Lesotho","6 - 20","Professional Services","Moderately concerned","I manage my own cyber security","Not much of an issue","Technology;Lack of integrity (corruption);Economic interests(financial gain)","6","3","4","6","6","6","Don't know","I do not keep up to date","Never","Yes","Yes","Yes","No","No","No effect","Did not report to the police","Don't know"
"2018/07/02 11:50:08 am GMT+3","libuseng.masasa@pkf.com","Libuseng Masasa","libuseng.masasa@pkf.com","56152451","PKF LESOTHO","6 - 20","Professional Services","Not at all concerned","I manage my own cyber security","Not much of an issue","Technology;Economic interests(financial gain);Business competition (sabotage, IP theft)","","","","","","","Don't know","I do not keep up to date","Never","Yes","No","No","No","No","","","USD 0"
"2018/07/02 11:50:39 am GMT+3","alicemateane@gmail.com","Mabohlokoa Maubelle","alicemateane@gmail.com","","PKF Lesotho","6 - 20","Professional Services","Not at all concerned","I manage my own cyber security","Not much of an issue","Technology","","","","1","","","Don't know","I do not keep up to date","Never","Yes","No","No","No","No","","","USD 0"
"2018/07/02 11:51:47 am GMT+3","mmaletsela@gmail.com","Maletsela","","59154131","PKF Lesotho","6 - 20","Professional Services","Very concerned","Don’t know","Not much of an issue","Technology","5","4","5","6","6","6","Don't know","I do not keep up to date","Never","Yes","No","Yes","No","No","","","Don't know"
"2018/07/02 11:52:10 am GMT+3","napoim56@gmail.com","Napo"," napoim56@gmail.comn","56974031","Pkf","6 - 20","Financial Services","Very concerned","In-house CERT","Not much of an issue","Technology","6","1","6","6","6","6","Audits;Don't know","Consulting companies","Only if there is a problem","No","No","Yes","No","No","Loss of money;Psychologically harmful;Loss of reputation","Did not report to the police","Don't know"
"2018/07/02 5:46:42 pm GMT+3","makatleho.rantso@jhpiego.org","Makatleho","makatleho.rantso@jhpiego.org","+26658002858","Jhpiego","101 - 500","Healthcare Services","Very concerned","In-house by someone who is in charge of (security) policies on behalf of the organisation, e.g., a sysadmin?","Has grown/ increased in the last year","Technology;Lack of integrity (corruption);Business competition (sabotage, IP theft)","5","5","6","6","6","6","Penetration testing;Vulnerability assessments;Audits","Specialized news sources;Social media network contacts","Monthly","No","No","Yes","Yes","Personal capacity","Down time;Inconvenience","Did not report to the police","Don't know"
"2018/07/04 9:57:15 am GMT+3","reitumetsenkome@gmail.com","Reitumetse Nkome","reitumetsenkome@gmal.com","56940508","Public Sector","101 - 500","Government","Slightly concerned","In-house by someone who is in charge of (security) policies on behalf of the organisation, e.g., a sysadmin?","Not much of an issue","Technology;Lack of integrity (corruption);Economic interests(financial gain)","6","6","5","6","4","6","Audits","I do not keep up to date","Never","Yes","No","Yes","No","No","","","Don't know"
"2018/07/04 2:28:07 pm GMT+3","motlalepula.makhetha@yahoo.com","Motlalepula","motlalepula.makhetha@yahoo.com","58634948","PKF LESOTHO","6 - 20","Financial Services","Extremely concerned","I manage my own cyber security","Not much of an issue","Technology;Lack of integrity (corruption);Economic interests(financial gain)","3","6","6","6","6","6","Don't know","I do not keep up to date","Only if there is a problem","Yes","Yes","Yes","No","No","","","Don't know"
"2018/07/04 3:06:32 pm GMT+3","mmonyaola@gmail.com","Monyaola Mosoloane","mmonyaola@gmail.com","62323237","Lesotho Institute of Accountants","6 - 20","Government","Moderately concerned","By the Internet Service Provider","Has grown/ increased in the last year","Economic interests(financial gain)","5","6","6","6","6","6","Audits","I do not keep up to date","Never","Yes","No","No","No","Personal capacity","Inconvenience","Didn’t know how to report to the police","USD 1 - 1,000"
"2018/07/04 3:32:14 pm GMT+3","gssiriya@hotmail.com","G. Siriya","gssiriya@hotmail.com","+26658589846","Logical Technologies (Pty) Ltd","1 - 5","Professional Services","Very concerned","I manage my own cyber security","Has grown/ increased in the last year","Economic interests(financial gain)","6","6","4","4","6","6","Vulnerability assessments;Audits","I do not keep up to date","Never","No","Yes","Yes","No","Personal capacity","Loss of money;Inconvenience;Psychologically harmful","Did not report to the police","USD 1 - 1,000"
"2018/07/04 3:47:43 pm GMT+3","raleakam@lnoc.org.ls","Morake RALEAKA","raleakam@lnoc.org.ls","+26658852390","Lesotho National Olympic Committee","6 - 20","Private Sector","Very concerned","By the Internet Service Provider","Has grown/ increased in the last year","Lack of integrity (corruption);Economic interests(financial gain);Business competition (sabotage, IP theft)","2","5","6","6","6","6","Vulnerability assessments;Audits","Outsourced services","Only if there is a problem","Yes","Yes","Yes","No","No","No effect","Did not report to the police","USD 1,001 - 5,000"
"2018/07/04 3:49:32 pm GMT+3","scmous@yahoo.com","Sunny Onyeanwu","scmous@yahoo.com","+26658742276","Mats Consulting","1 - 5","Professional Services","Slightly concerned","I manage my own cyber security","Has not changed since last year","Technology;Security education, training and awareness;Lack of integrity (corruption);Economic interests(financial gain)","4","4","4","4","4","4","Don't know","Social media network contacts","Never","Yes","No","No","No","No","","","USD 1 - 1,000"
"2018/07/04 5:14:12 pm GMT+3","director@sesothomedia.org","Mamolefe Petlane","director @sesothomedia.org","+26622326086","Sesotho  Media & Development","6 - 20","Private Sector","Very concerned","I manage my own cyber security","Has not changed since last year","Technology","6","6","6","6","6","6","Audits","I do not keep up to date","Never","Yes","No","Yes","No","No","No effect","Did not report to the police","Don't know"
"2018/07/05 5:30:57 pm GMT+3","tlotlisomolata@gmail.com","Tlotliso","tlotlisomolata@gmail.com","58093433","Mekaling farm enterprise","1 - 5","Private Sector","Slightly concerned","By the Internet Service Provider","Has grown/ increased in the last year","Technology","2","6","6","1","6","2","Penetration testing","I do not keep up to date","Yearly","No","No","Yes","No","Personal capacity","Loss of reputation","Did not report to the police","Don't know"
"2018/07/05 5:51:34 pm GMT+3","mmahooana@lpb.co.ls","Mahase Mahooana","mmahooana@lpb.co.ls","62228555","Lesotho PostBank","101 - 500","Banking","Extremely concerned","In-house CERT","Has grown/ increased in the last year","Lack of integrity (corruption);Economic interests(financial gain);Business competition (sabotage, IP theft)","5","6","5","6","5","6","Penetration testing;Vulnerability assessments;Audits","Generic newspapers and news broadcaster;Specialized news sources","Yearly","No","Yes","Yes","Yes","Through work","Loss of money;Inconvenience;Psychologically harmful;Loss of reputation","Reported to the police with no further action","USD 10,000+"
"2018/07/05 6:02:45 pm GMT+3","rexmanmantutle@yahoo.com","Lereko Mantutle","rexmanmantutle@yahoo.com","26651939933","RL consultants pty ltd","21 - 100","Financial Services","Slightly concerned","In-house by someone who is in charge of (security) policies on behalf of the organisation, e.g., a sysadmin?","Has not changed since last year","Economic interests(financial gain)","3","3","3","3","3","3","Audits","Outsourced services","Yearly","No","No","Yes","Yes","No","No effect","Did not report to the police","USD 1,001 - 5,000"
"2018/07/06 9:52:17 am GMT+3","johnmalikelle@gmail.com","Thibello malikelle","johnmalikelle@gmail","+26663015303","Maluti Adventist Hospital","501 - 1000","Healthcare Services","Moderately concerned","I manage my own cyber security","Has grown/ increased in the last year","Technology;Lack of integrity (corruption);Business competition (sabotage, IP theft)","4","5","6","6","6","6","Audits","I do not keep up to date","Only if there is a problem","No","No","Yes","No","Personal capacity","Loss of money","Didn’t know how to report to the police","Don't know"
"2018/07/06 10:58:58 am GMT+3","mathapelopatriciam@gmail.com","Mathapelo ","mathapelopatriciam@gmail.com","57076965","TSD","21 - 100","Government","Very concerned","Outsourced to an independent specialist or organisation","Not much of an issue","Lack of integrity (corruption)","1","6","6","5","6","5","Audits","I do not keep up to date","Never","Yes","No","Yes","No","No","","","Don't know"
"2018/07/06 12:42:02 pm GMT+3","makolehlobi@gmail.com","","","","","21 - 100","Financial Services","Extremely concerned","Outsourced to an independent specialist or organisation","Has grown/ increased in the last year","Technology;Lack of integrity (corruption);Business competition (sabotage, IP theft)","","","","","2","","Audits","Consulting companies","Yearly","No","Yes","Yes","Yes","No","No effect","Did not report to the police","USD 1,001 - 5,000"
"2018/07/09 9:31:48 am GMT+3","katilep@lnoc.org.ls","Palesa","katilep@lnoc.org.ls","+26622321333","Lesotho National OLympic Committee","6 - 20","Private Sector","Moderately concerned","By the Internet Service Provider","Has grown/ increased in the last year","Security education, training and awareness","6","6","6","5","5","5","Vulnerability assessments","Consulting companies","Never","No","No","No","No","Through work","Inconvenience","Did not report to the police","Don't know"
"2018/07/09 9:51:50 am GMT+3","accounts@trm.co.ls","Matsepang Monica Makhetha","accounts@trm.co.ls","22322528","TRM Water Care Solutions","1 - 5","Private Sector","Not at all concerned","By the Internet Service Provider","Not much of an issue","Technology;Economic interests(financial gain);Business competition (sabotage, IP theft)","6","6","5","6","6","6","Don't know","I do not keep up to date","Never","No","No","Yes","No","No","","","Don't know"
"2018/07/18 5:36:23 pm GMT+3","mphetolemona@gmail.com","Mona","mphetolemona@gmail.com","","","6 - 20","Professional Services","Not at all concerned","Don’t know","Has grown/ increased in the last year","Technology","4","6","6","6","5","6","Audits","I do not keep up to date","Only if there is a problem","Yes","No","No","No","No","No effect","Did not report to the police","Don't know"
"2018/07/18 7:53:58 pm GMT+3","motsiba12@gmail.com","Motsamai Motsiba","motsiba12@gmail.con","(+266)56589964","New Dawn Chartered Accountants","6 - 20","Professional Services","Slightly concerned","Don’t know","Not much of an issue","Lack of integrity (corruption);Economic interests(financial gain)","1","5","2","4","6","3","Don't know","Outsourced services","Only if there is a problem","Yes","No","Yes","Yes","No","","","Don't know"