Email Address,First Name,Last Name
aabdul@stima-sacco.com,,
aciita@yahoo.com,,
Akinyanjui@ikm.co.ke,,
allan.maina@trident.co.ke,,
alokidor@nairobi.go.ke,,
ambodj@bceao.int,,
ashalla@imbank.co.ke,,
bitere@kippra.or.ke,,
bomwenga@aar.co.ke,,
brook.yitaferu@ptabank.org,,
bwamai@familybank.co.ke,,
Charles.Wanyoike@equitybank.co.ke,,
cmainaga@yahoo.com,,
collinsngeno@nbihosp.org,,
Corp.info@lafarge.com,,
daniel.chege@housing.co.ke,,
Daniel.Ndiba@ke.cicinsurancegroup.com,,
daniel.nzuki@kpc.co.ke,,
darshan@chandaria.com,,
dennis.kulubya@ptabank.org,,
dkabeberi@ke.pkfea.com,,
doochola@imperialbank.co.ke,,
Dor@africanedevelopment.org,,
Dwaga@sonysugar.co.ke,,
edward.wafula@kpc.co.ke,,
edwardtuitoek@nbihosp.org,,
elijah.odhiambo@epzakenya.com,,
emma.ngute@kitui.go.ke,,
faith.nasei@kpc.co.ke,,
fayoub@infosents.net,,
fbwana@kenswitch.com,,
fidelis@kba.co.ke,,
francis.kimani@jamiiborabank.co.ke,,
g.ontiri@nca.go.ke,,
GChege@ke.nationmedia.com,,
george.mutua@kitui.go.ke,,
girungu@ke.nationmedia.com,,
grcmusyoki@gmail.com,,
harry.hare@cio.co.ke,,
hllnwachira@yahoo.com,,
hmukadam@fcb.co.ke,,
ictmanager@unityfinance.co.ke,,
info@imperialbank.co.ke,,
info@kagrc.co.ke,,
info@serianu.com,,
isaac.kamau@heritage.co.ke,,
IT@mastermindkenya.co.ke,,
jason.robertson@izoologic.com,,
jeff33ke@yahoo.com,,
jkatiku@dawalimited.com,,
jkatiku@gmail.com,,
johnokuku@gmail.com,,
joseph.ngare@housing.co.ke,,
joseph.otieno@citi.com,,
joseph@guardian-bank.com,,
jwamukoya@gmail.com,,
k.nyarotho@gmail.com,,
kevin.kinyanjui@kenya-airways.com,,
kkibet@kwftdtm.com,,
Lsivaram@imbank.co.ke,,
martin.luther@housing.co.ke,,
mikekimani@yahoo.co.uk,,
mikul@kenafricind.com,,
mkarema@kilifi.go.ke,,
mmirero@hudumakenya.go.ke,,
mmuindi@korient.co.ke,,
Kathleen.Murungi@spirebank.co.ke,,
momutai@ke.nationmedia.com,,
mouhamed.diop@gmail.com,,
Nelix78@yahoo.com,,
ngunyikangaru@gmail.com,,
nikita@primebank.co.ke,,
nnasongo@imbank.co.ke,,
nsembi@ecobank.com,,
ntundai@dtbafrica.com,,
nyagah205@yahoo.com,,
okwach.george@crownpaints.co.ke,,
omwangi@invescoassurance.co.ke,,
TKongongo@UAP-GROUP.COM,,
onsakia@kenyare.co.ke,,
oodhiambo@gmail.com,,
paulomondi1@gmail.com,,
peter.gaitho@oagkenya.go.ke,,
PGitonga@tnbl.co.ke,,
Philip.Irode@ke.cicinsurancegroup.com,,
pkioi@fcs.co.ke,,
pkmaina@eastafricare.com,,
pngunyi@rba.go.ke,,
psankei@publicservice.go.ke,,
pthiga@dtbafrica.com,,
RGupta@imbank.co.ke,,
PKarimi@oldmutualkenya.com,,
rmaina@cpf.or.ke,,
said.rechchad@emc.com,,
silasosundwa@gmail.com,,
skingori@kcb.co.ke,,
sndirangu@kplc.co.ke,,
snjeru@iebc.or.ke,,
tererK@ksms.or.ke,,
tim.mukata@fsdkenya.org,,
tim.gitonga@spirebank.co.ke,,
Tushar@mayfair.co.ke,,
vcbaudit@vicbank.com,,
victor.lukondo@icealion.com,,
Vijay@gakenya.com,,
waweru22@gmail.com,,
william.makatiani@serianu.com,,
wmomanyi@kcb.co.ke,,
joseph.mathenge@serianu.com,Joseph,Mathenge
jackie.madowo@serianu.com,Jackie,Madowo
Ayub.mwangi@serianu.com,Ayub,Mwangi
margaret.ndungu@serianu.com,margaret,Ndung'u
mark.muema@serianu.com,mark,muema
jeff.karanja@serianu.com,jeff,karanja
jon.mmaina@gmail.com,John,Maina
dkariuki@ketraco.co.ke,,
smburu@daystar.ac.ke,Solomon Mburu,
ict@mku.ac.ke,Vincent Karuru,
mnjogu@strathmore.edu,Martin Njogu,
info@uni-microfinance.co.ke, IT Manager,
gmutinda@choicemfb.com, George Mutinda,
cseroney@sumacmicrofinancebank.co.ke, Caroline Seroney,
info@chai-sacco.co.ke,ICT Manager,
h.abea@elimusacco.com,Henry Abea,
powango@jamiisacco.com,Peter Owango,
kebole@safaricom.co.ke,Kelvin Kebole,
nationsacco@gmail.com,IT Manager,
info@maishaborasacco.com,Paul Bwire,
info@ufanisi.co.ke,Anthony,
info@capexlifeassurance.co.ke,Patrick Kanyi,
charles.kiboi@libertylife.co.ke,Charles Kiboi,
ict@cickenya.com,Geoffrey,
timothy.kiara@geminia.co.ke,Timothy Kiara - System Admin,
joseph.muchiri@geminia.co.ke,Joseph Muchiri - System Analyst,
itsecurity@cbagroup.com,Alvin,Chebii
skisinde@gmail.com,Sharon,Kisinde
