"Timestamp","Name: ","Email: ","Phone Number: ","Name of your organisation: "," How many employees work for your company?","Which category most closely fits your organization type?","How much of a concern is cybercrime for your organization?","How is your  organisation’s cyber security managed?","According to your opinion cybercrime in Nigeria... ","According to your opinion, cybercrime is a problem rooted in...? [Please select at most 3 options.]","To make the Internet a safer place and to fight cyber-crime, what are the topics we should conduct more research on? [Please rank all option(s) with '1' being the least and '6' being the highest]  [Better metrics and statistics on cybercrime]","To make the Internet a safer place and to fight cyber-crime, what are the topics we should conduct more research on? [Please rank all option(s) with '1' being the least and '6' being the highest]  [Better laws and regulations]","To make the Internet a safer place and to fight cyber-crime, what are the topics we should conduct more research on? [Please rank all option(s) with '1' being the least and '6' being the highest]  [Improved technology for our networks and operating systems]","To make the Internet a safer place and to fight cyber-crime, what are the topics we should conduct more research on? [Please rank all option(s) with '1' being the least and '6' being the highest]  [Improve our understanding of society and the cyber community]","To make the Internet a safer place and to fight cyber-crime, what are the topics we should conduct more research on? [Please rank all option(s) with '1' being the least and '6' being the highest]  [Better encryption and improved privacy]","To make the Internet a safer place and to fight cyber-crime, what are the topics we should conduct more research on? [Please rank all option(s) with '1' being the least and '6' being the highest]  [Better education of users of the Internet]","Which of the following security testing techniques does your organization use? (Select all that apply)","Is there a dedicated role/person within your organisation assigned to distributing/communicating latest cybersecurity updates? If yes, what are the avenues used to collect information?","How often are staff trained on cybersecurity risks?","Does your organisation allow the use of Bring Your Own Devices (BYODs)? ","Does your organisation have a best practice policy for BYOD? (Select one option)","Does your organization allow/utilize Cloud Services or Internet of Things Tech (Big Data Analytics)?","Does your organization have a best practice policy for IoT and Cloud Services?","Have you been a victim of  any cybercriminal activity in the last 5 years?In what capacity?","If you have been a victim of cybercrime in the last 5 years, what were the implications?(Select all that apply)","If you have been a victim of cybercrime, what action followed? (Select one option)","Approximately how much does your organisation spend annually on cyber security?(Select one option)","","","","",""
"2017/09/25 12:29:39 pm GMT+3","","ayowole.popoola@fidelitybank.ng","08023362996","Fidelity Bank","1000+","Banking","Extremely concerned","In-house by someone who is in charge of (security) policies on behalf of the organisation, e.g., a sysadmin?","Has grown/ increased in the last year","Technology;Security education, training and awareness;Economic interests(financial gain)","5","4","6","6","6","6","Penetration testing;Vulnerability assessments;Audits","Specialized news sources;Consulting companies","Weekly","Yes","Yes","Yes","No","Through work","No effect","Did not report to the police","USD 10,000+","Yes","Rank from 1-5","Rank from 1-5","",""
"2017/09/26 5:59:56 pm GMT+3","","oluleke7@gmail.com","2348027779478","Interswitch","501 - 1000","Financial Services","Extremely concerned","I manage my own cyber security","Has grown/ increased in the last year","Technology;Security education, training and awareness;Economic interests(financial gain)","6","6","5","5","6","6","Penetration testing;Vulnerability assessments;Audits","Generic newspapers and news broadcaster;Specialized news sources;Consulting companies;Outsourced services;Social media network contacts","Monthly","Yes","Yes","Yes","Yes","Through work","Down time;Inconvenience","Did not report to the police","USD 10,000+","Yes","Rank from 1-5","Rank from 1-5","",""
"2017/09/26 7:11:00 pm GMT+3","","proverb814@yahoo.com","","","1000+","Telecommunication","Very concerned","In-house by someone who is in charge of (security) policies on behalf of the organisation, e.g., a sysadmin?","Has grown/ increased in the last year","Security education, training and awareness","4","5","6","6","5","6","Audits","Generic newspapers and news broadcaster;Social media network contacts","Yearly","Yes","No","Yes","No","Through work;No","Loss of money;Down time","Reported to the police, who followed it through to successful prosecution","USD 1,001 - 5,000","NO","","Rank from 1-5","",""
"2017/09/26 10:06:04 pm GMT+3","","samchinus@gmail.com","08035003221","CANDELAS ENGINEERING LIMITED","6 - 20","Professional Services","Moderately concerned","By the Internet Service Provider","Has grown/ increased in the last year","Security education, training and awareness","2","3","3","2","3","3","Audits","Generic newspapers and news broadcaster","Yearly","Yes","No","No","No","No","","","Don't know","NO","Rank from 1-5","","",""
"2017/09/27 1:27:56 pm GMT+3","","chrisbeloved2003@yahoo.co.uk","07033653235","Quantum Travels Limited","21 - 100","Private Sector","Very concerned","Outsourced to an independent specialist or organisation","Has not changed since last year","Economic interests(financial gain)","6","6","6","6","6","6","Don't know","Consulting companies","Only if there is a problem","No","No","No","No","No","","","Don't know","Don't Know","","Rank from 1-5","",""
"2017/09/27 1:31:11 pm GMT+3","","biodun_adams@yahoo.com","08035683518","Quantum Travels Ltd","21 - 100","Private Sector","Very concerned","Outsourced to an independent specialist or organisation","Has grown/ increased in the last year","Technology","6","6","5","6","5","6","Don't know","I do not keep up to date","Only if there is a problem","Yes","Yes","Yes","Yes","No","","","Don't know","Don't Know","","Rank from 1-5","",""
"2017/09/27 6:57:15 pm GMT+3","","lsfkaybell73@gmail.com","+2348038479677","QUANTUM TRAVELS LIMITED","101 - 500","Private Sector","Moderately concerned","In-house CERT","Has not changed since last year","Technology;Lack of integrity (corruption);Economic interests(financial gain)","6","5","4","1","3","2","Audits","Social media network contacts","Never","Yes","Yes","Yes","Yes","No","No effect","","Don't know","Don't Know","Rank from 1-5","","",""
"2017/09/27 7:11:24 pm GMT+3","","Donjuliusx1x@yahoo.com","099 23261053","Interstone","501 - 1000","Private Sector","Extremely concerned","In-house by someone who is in charge of (security) policies on behalf of the organisation, e.g., a sysadmin?","Has grown/ increased in the last year","Technology;Lack of integrity (corruption);Economic interests(financial gain)","2","2","2","2","2","1","Penetration testing;Vulnerability assessments;Audits","I do not keep up to date","Yearly","No","No","Yes","No","No","Down time;Inconvenience","Reported to the police with no further action","Don't know","Don't Know","","","Rank from 1-5",""
"2017/09/27 7:11:27 pm GMT+3","","Donjuliusx1x@yahoo.com","099 23261053","Interstone","501 - 1000","Private Sector","Extremely concerned","In-house by someone who is in charge of (security) policies on behalf of the organisation, e.g., a sysadmin?","Has grown/ increased in the last year","Technology;Lack of integrity (corruption);Economic interests(financial gain)","2","2","2","2","2","1","Penetration testing;Vulnerability assessments;Audits","I do not keep up to date","Yearly","No","No","Yes","No","No","Down time;Inconvenience","Reported to the police with no further action","Don't know","Don't Know","","","Rank from 1-5",""
"2017/09/27 7:37:21 pm GMT+3","","folaeoyin@ymail.com","","","21 - 100","Government","Very concerned","In-house by someone who is in charge of (security) policies on behalf of the organisation, e.g., a sysadmin?","Has grown/ increased in the last year","Technology","","","1","1","","","Vulnerability assessments","I do not keep up to date","Yearly","No","Yes","No","Yes","No","No effect","","Don't know","Don't Know","","","",""
"2017/09/28 11:24:12 am GMT+3","","bayojohn70@Yahoo.com","08062278373","Asharami Synergy","501 - 1000","Private Sector","Extremely concerned","In-house CERT","Has grown/ increased in the last year","Technology","2","2","2","2","2","2","Audits","Generic newspapers and news broadcaster","Monthly","No","Yes","Yes","Yes","Personal capacity","Loss of money","Did not report to the police","Don't know","Yes","Rank from 1-5","","",""
"2017/09/28 11:49:32 am GMT+3","","stevoddy@gmail.com","08064702777","Haggai Mortgage Bank","21 - 100","Banking","Moderately concerned","In-house CERT","Has reduced in the past year","Technology;Security education, training and awareness;Lack of integrity (corruption)","5","6","5","6","5","6","Audits","Specialized news sources;Social media network contacts","Never","Yes","Yes","Yes","No","No","","","Don't know","NO","","Rank from 1-5","Rank from 1-5",""
"2017/09/29 11:46:07 am GMT+3","","taiwo.osho@gmail.com","","","101 - 500","Private Sector","Very concerned","In-house by someone who is in charge of (security) policies on behalf of the organisation, e.g., a sysadmin?","Has not changed since last year","Security education, training and awareness;Lack of integrity (corruption);Economic interests(financial gain)","3","6","3","5","5","6","Vulnerability assessments;Audits","Specialized news sources","Monthly","Yes","Yes","Yes","Yes","No","","","USD 1,001 - 5,000","Yes","Rank from 1-5","Rank from 1-5","Rank from 1-5","Rank from 1-5"
"2017/09/30 5:30:14 pm GMT+3","","adegokeo@yahoo.com","","Apapa general hospital, lagos","21 - 100","Healthcare Services","Slightly concerned","In-house by someone who is in charge of (security) policies on behalf of the organisation, e.g., a sysadmin?","Has grown/ increased in the last year","Technology;Lack of integrity (corruption);Economic interests(financial gain)","2","6","6","","6","6","Don't know","I do not keep up to date","Only if there is a problem","Yes","No","No","No","No","","","Don't know","Don't Know","","","Rank from 1-5",""
"2017/10/02 5:31:48 pm GMT+3","","Ganiyu B. Oladimeji","+2348035107209","Mapoly","1000+","Academia","Very concerned","In-house by someone who is in charge of (security) policies on behalf of the organisation, e.g., a sysadmin?","Has grown/ increased in the last year","Security education, training and awareness;Lack of integrity (corruption);Economic interests(financial gain)","3","6","3","4","4","6","Audits","Specialized news sources;Consulting companies;Social media network contacts","Only if there is a problem","Yes","No","No","No","Personal capacity","Loss of money","Reported to the police with no further action","USD 1 - 1,000","Don't Know","","Rank from 1-5","",""
"2017/10/02 5:38:26 pm GMT+3","","Adekola Adubi","+2348033909743","MDPHC","101 - 500","Government","Slightly concerned","In-house by someone who is in charge of (security) policies on behalf of the organisation, e.g., a sysadmin?","Has grown/ increased in the last year","Security education, training and awareness","4","6","5","5","6","6","Audits","Specialized news sources","Never","Yes","No","Yes","No","No","Inconvenience","Did not report to the police","USD 0","NO","","Rank from 1-5","",""
"2017/10/02 5:48:04 pm GMT+3","","Okandawon Adeolu","+2348021057394","Shell Nigeria","1000+","Manufacturing","Extremely concerned","In-house CERT","Has grown/ increased in the last year","Technology;Security education, training and awareness;Economic interests(financial gain);Business competition (sabotage, IP theft)","4","6","5","3","1","2","Penetration testing;Vulnerability assessments;Audits","Specialized news sources;Consulting companies;Outsourced services","Yearly","Yes","Yes","Yes","Yes","No","No effect","Did not report to the police","USD 10,000+","Don't Know","","Rank from 1-5","",""
"2017/10/02 5:55:40 pm GMT+3","","Idongutah@gmail.com","+2347032111430","Nnachi Okpara & Co [Chartered  Accountants]","1 - 5","Professional Services","Very concerned","I manage my own cyber security","Has grown/ increased in the last year","Technology;Security education, training and awareness;Economic interests(financial gain)","6","6","5","5","5","6","Audits","Specialized news sources","Yearly","Yes","No","No","No","No","No effect","Did not report to the police","USD 1 - 1,000","Don't Know","","Rank from 1-5","",""
"2017/10/02 6:06:05 pm GMT+3","","ayuomomju@gmail.com","07033817661","Wema Bank Phc","1000+","Banking","Extremely concerned","Don’t know","Has grown/ increased in the last year","Technology;Lack of integrity (corruption);Economic interests(financial gain);Business competition (sabotage, IP theft)","5","5","5","5","5","6","Penetration testing;Vulnerability assessments;Audits","Generic newspapers and news broadcaster;Specialized news sources","Yearly","Yes","Yes","Yes","Yes","No","No effect","Did not report to the police","Don't know","Don't Know","","Rank from 1-5","",""
"2017/10/03 3:31:05 pm GMT+3","","hamdalat@quantumtravelsng.com","08038715600","Quantum Travels Limited","21 - 100","Professional Services","Moderately concerned","By the Internet Service Provider","Has grown/ increased in the last year","Economic interests(financial gain)","4","6","3","5","5","6","Audits","Social media network contacts","Never","Yes","Yes","No","No","No","","","Don't know","Yes","Rank from 1-5","","",""
"2017/10/03 3:42:41 pm GMT+3","","oviahonvic@yahoo.com","08029204436","Promasidor Nigeria","1000+","Manufacturing","Moderately concerned","In-house by someone who is in charge of (security) policies on behalf of the organisation, e.g., a sysadmin?","Has not changed since last year","Technology;Security education, training and awareness;Economic interests(financial gain)","5","5","6","4","5","6","Penetration testing;Vulnerability assessments","Generic newspapers and news broadcaster","Monthly","No","Yes","Yes","Yes","Through work","No effect","Did not report to the police","Don't know","Don't Know","Rank from 1-5","Rank from 1-5","",""
"2017/10/03 3:47:49 pm GMT+3","","ayoolasamagbeyi@yahoo.com","09032246833","PRAEGRESSUS CONSULT","1 - 5","Cyber Security Sector","Extremely concerned","I manage my own cyber security","Has grown/ increased in the last year","Lack of integrity (corruption);Economic interests(financial gain);Business competition (sabotage, IP theft)","6","6","6","6","6","6","Penetration testing;Vulnerability assessments;Audits","Specialized news sources","Monthly","No","Yes","Yes","Yes","No","","","USD 1 - 1,000","NO","Rank from 1-5","","Rank from 1-5",""
"2017/10/03 10:47:27 pm GMT+3","","emuoborb@yahoo.com","08151530518","Delta state board of internal revenue","501 - 1000","Government","Slightly concerned","Don’t know","Has grown/ increased in the last year","Economic interests(financial gain)","","","","","","1","Don't know","I do not keep up to date","Never","Yes","No","Yes","No","No","","","Don't know","Don't Know","","Rank from 1-5","",""
"2017/10/04 12:12:02 pm GMT+3","","arinzeumeche@hotmail.com","08023660342","Multidimensions Tech","21 - 100","Telecommunication","Slightly concerned","Don’t know","Not much of an issue","Technology;Lack of integrity (corruption);Business competition (sabotage, IP theft)","3","3","4","6","6","6","Don't know","I do not keep up to date","Never","Yes","No","Yes","No","No","No effect","Did not report to the police","USD 0","NO","Rank from 1-5","","",""
"2017/10/04 2:30:17 pm GMT+3","","diovisioncafe@gmail.com","07064766620","Dio Vision Cafe","1 - 5","Private Sector","Moderately concerned","In-house by someone who is in charge of (security) policies on behalf of the organisation, e.g., a sysadmin?","Has grown/ increased in the last year","Technology;Security education, training and awareness;Lack of integrity (corruption);Economic interests(financial gain);Business competition (sabotage, IP theft)","4","6","6","6","6","6","Penetration testing;Vulnerability assessments","Outsourced services","Only if there is a problem","Yes","No","No","No","Personal capacity","Loss of money","Did not report to the police","Don't know","NO","Rank from 1-5","","Rank from 1-5",""
"2017/10/04 3:00:27 pm GMT+3","","odoh.val@gmail.com","07035114047","e-Insurance Solutions Centre Limited","6 - 20","Professional Services","Slightly concerned","I manage my own cyber security","Has grown/ increased in the last year","Security education, training and awareness;Lack of integrity (corruption);Economic interests(financial gain)","3","4","6","6","6","6","Audits","Social media network contacts","Only if there is a problem","Yes","No","No","No","No","","","USD 0","NO","Rank from 1-5","","",""
"2017/10/04 8:23:18 pm GMT+3","","emuoborb@yahoo.com","08151530518","Delta state board of internal revenue","501 - 1000","Government","Slightly concerned","Don’t know","Has grown/ increased in the last year","Economic interests(financial gain)","","","","","","1","Don't know","I do not keep up to date","Never","Yes","No","Yes","No","No","","","Don't know","Don't Know","","Rank from 1-5","",""
"2017/10/05 5:50:44 pm GMT+3","","Odewolesamuel60@yahoo.com","08038586013","Capital express assurance ltd","21 - 100","Insurance","Moderately concerned","By the Internet Service Provider","Has grown/ increased in the last year","Economic interests(financial gain)","4","4","5","5","4","5","Don't know","Consulting companies","Yearly","No","No","No","No","No","No effect","","USD 1,001 - 5,000","Don't Know","Rank from 1-5","","",""
"2017/10/06 12:00:09 am GMT+3","","jbakins333@gmail.com","","","1000+","Academia","Very concerned","Outsourced to an independent specialist or organisation","Has grown/ increased in the last year","Technology;Lack of integrity (corruption);Business competition (sabotage, IP theft)","5","5","6","5","6","5","Don't know","Outsourced services;Social media network contacts","Yearly","Yes","No","Yes","No","No","","","Don't know","NO","","Rank from 1-5","","Rank from 1-5"
"2017/10/06 6:23:10 pm GMT+3","","oluwadare.rotimi@yahoo.com","","","21 - 100","Healthcare Services","Extremely concerned","In-house by someone who is in charge of (security) policies on behalf of the organisation, e.g., a sysadmin?","Has grown/ increased in the last year","Technology;Lack of integrity (corruption);Economic interests(financial gain);Business competition (sabotage, IP theft)","3","5","5","5","5","6","Don't know","I do not keep up to date","Monthly","No","No","Yes","Yes","No","","","Don't know","Don't Know","","Rank from 1-5","",""
"2017/10/09 12:06:25 pm GMT+3","","kuponiyino@nigerinsurance.com","+2347054004424","Niger Insurance Plc","101 - 500","Insurance","Extremely concerned","In-house by someone who is in charge of (security) policies on behalf of the organisation, e.g., a sysadmin?","Has grown/ increased in the last year","Security education, training and awareness;Lack of integrity (corruption);Economic interests(financial gain)","1","2","6","4","3","5","Penetration testing;Vulnerability assessments;Audits","Consulting companies","Yearly","Yes","Yes","Yes","No","Through work","Down time;Inconvenience","Did not report to the police","USD 5,001 - 10,000","NO","","Rank from 1-5","",""
"2017/10/13 5:56:26 pm GMT+3","","eneobi1991@gmail.com","+2348033386773","ActionAid","21 - 100","Professional Services","Very concerned","In-house CERT","Has not changed since last year","Technology","5","6","6","6","6","6","Don't know","Specialized news sources","Yearly","Yes","Yes","Yes","Yes","No","","","Don't know","Don't Know","","Rank from 1-5","",""
"2017/10/19 5:48:32 am GMT+3","","deola4601@yahoo.com","08088571976","GTL","101 - 500","Financial Services","Extremely concerned","I manage my own cyber security","Has grown/ increased in the last year","Technology","5","6","6","6","6","6","Penetration testing;Vulnerability assessments;Audits","Generic newspapers and news broadcaster;Specialized news sources;Consulting companies","Never","No","No","Yes","Yes","No","","","USD 1,001 - 5,000","NO","","Rank from 1-5","Rank from 1-5",""
"2017/10/19 7:03:17 pm GMT+3","","folawoyin@ymail.com","07061551553","Internal Revenue","21 - 100","Government","Moderately concerned","In-house by someone who is in charge of (security) policies on behalf of the organisation, e.g., a sysadmin?","Has grown/ increased in the last year","Technology","2","1","2","2","1","1","Don't know","Consulting companies","Yearly","No","Yes","Yes","Yes","No","No effect","Did not report to the police","Don't know","Yes","","Rank from 1-5","",""
"2017/11/02 6:23:48 am GMT+3","","Vicdonor@ymail.com","+2347062146978","Upgraded Era","6 - 20","Cyber Security Sector","Extremely concerned","In-house CERT","Has grown/ increased in the last year","Technology;Lack of integrity (corruption);Economic interests(financial gain)","3","3","3","3","3","3","Penetration testing;Vulnerability assessments","Specialized news sources","Monthly","Yes","Yes","Yes","Yes","No","","","USD 1,001 - 5,000","NO","Rank from 1-5","Rank from 1-5","Rank from 1-5",""
"2017/11/08 7:47:01 pm GMT+3","ADEYEMI GBENGBA","ADEYEMIGBENGA@YAHOO.COM","08026620731","ADETORERA COMP","1 - 5","Academia","Very concerned","In-house by someone who is in charge of (security) policies on behalf of the organisation, e.g., a sysadmin?","Has grown/ increased in the last year","Lack of integrity (corruption)","2","4","3","4","4","3","Vulnerability assessments","Generic newspapers and news broadcaster","Yearly","No","No","Yes","Yes","Through work","No effect","Did not report to the police","Don't know","Don't Know","","","",""
"2017/11/09 9:22:12 am GMT+3","George Williams","gw547418@gmail.com","08109163811","Student","1000+","Academia","Slightly concerned","By the Internet Service Provider","Has grown/ increased in the last year","Lack of integrity (corruption)","6","3","4","2","1","5","Vulnerability assessments","I do not keep up to date","Never","No","No","No","No","No","","","Don't know","","","","",""
"2017/11/09 1:22:32 pm GMT+3","AJAYI  TUMMINU","OLUWATUMU@GMAIL.COM","08069592373","X","1 - 5","Academia","Slightly concerned","I manage my own cyber security","Has grown/ increased in the last year","Lack of integrity (corruption);Economic interests(financial gain);Business competition (sabotage, IP theft)","2","5","6","3","4","1","Penetration testing","Generic newspapers and news broadcaster","Only if there is a problem","Yes","Yes","Yes","Yes","Personal capacity","Loss of money","Did not report to the police","Don't know","","","","",""
"2017/11/09 1:33:40 pm GMT+3","AJETUNMOBI IBUKUN","IBUKUNAJETUNMOBI2@GMAIL.COM","08077485323","IJAIYE OJOKORO SENIOR COLLEGE","STUDENT","Academia","Slightly concerned","Don’t know","Has not changed since last year","Technology;Lack of integrity (corruption);Economic interests(financial gain)","6","6","6","6","6","6","Don't know","I do not keep up to date","Only if there is a problem","No","No","Yes","Yes","No","No effect","Did not report to the police","Don't know","","","","",""
"2017/11/09 1:41:59 pm GMT+3","CHUKWUYEKWU SHEDRACK","SAMSHEDDY@GMAIL.COM","08167082077","ANAMBRA STATE UNIVERSITY","501 - 1000","Academia","Extremely concerned","Don’t know","Has grown/ increased in the last year","Technology;Lack of integrity (corruption);Business competition (sabotage, IP theft)","6","6","6","6","6","6","Don't know","I do not keep up to date","Only if there is a problem","Yes","Yes","Yes","Yes","No","No effect","Did not report to the police","Don't know","","","","",""
"2017/11/09 2:22:07 pm GMT+3","Joy","shalofunkeey@gmail.com","08103340603","Upgraded Era Solutions","6 - 20","Cyber Security Sector","Extremely concerned","In-house by someone who is in charge of (security) policies on behalf of the organisation, e.g., a sysadmin?","Has grown/ increased in the last year","Security education, training and awareness","4","5","6","6","6","6","Penetration testing;Vulnerability assessments","Outsourced services;Social media network contacts","Monthly","No","Yes","Yes","Yes","Through work","Inconvenience","Reported to the police, who followed it through but no prosecution took place","Don't know","","","","",""
"2017/11/10 1:30:23 pm GMT+3","AMANDA GIFT NWAOTUME","VIWANCHUNEDU@GMAIL.COM","08141814571","ANSU","501 - 1000","Academia","Very concerned","Don’t know","Has grown/ increased in the last year","Technology;Lack of integrity (corruption);Business competition (sabotage, IP theft)","5","5","5","5","5","5","Audits","I do not keep up to date","Never","No","No","No","No","No","No effect","Did not report to the police","Don't know","","","","",""
"2017/11/10 1:39:18 pm GMT+3","BELLO ARAFAT AWETOKE","BELLOARAFAT2000@GMAIL.COM","09021594443","STUDENT","N/A","Academia","Moderately concerned","In-house by someone who is in charge of (security) policies on behalf of the organisation, e.g., a sysadmin?","Has grown/ increased in the last year","Economic interests(financial gain)","2","4","4","2","3","6","Vulnerability assessments","I do not keep up to date","Never","Yes","No","No","No","No","No effect","Did not report to the police","Don't know","","","","",""
"2017/11/10 1:50:22 pm GMT+3","BUNMI SAIBU","BUNMISAIBU@GMAIL.COM","07069767839","N/A","6 - 20","Academia","Slightly concerned","Don’t know","Has grown/ increased in the last year","Technology;Security education, training and awareness;Business competition (sabotage, IP theft)","2","6","5","4","2","3","Don't know","I do not keep up to date","Only if there is a problem","Yes","Yes","Yes","Yes","Personal capacity","Inconvenience","Did not report to the police","Don't know","","","","",""
"2017/11/10 1:57:44 pm GMT+3","CHIMA MUNA","MUNACHISOM.CHIMA@FACEBOOK.COM","08166771361","STUDENT","101 - 500","Academia","Extremely concerned","Don’t know","Has not changed since last year","Technology;Lack of integrity (corruption);Economic interests(financial gain)","5","5","6","5","5","6","Don't know","I do not keep up to date","Never","No","No","No","No","No","No effect","Did not report to the police","Don't know","","","","",""
"2017/11/10 2:21:38 pm GMT+3","OHAEGBU SAMUEL","SAMMYHAWTY@GMAIL.COM","08107337392","SAMUEL (COOU) UNIVERSITY STUDENT","101 - 500","Academia","Not at all concerned","Don’t know","Has not changed since last year","Technology","2","2","3","3","2","2","Don't know","I do not keep up to date","Only if there is a problem","No","No","No","No","No","No effect","Did not report to the police","Don't know","","","","",""
"2017/11/10 2:27:38 pm GMT+3","DANIEL KOYA","DANIELKOYA@GMAIL.COM","07081888124","STUDENT","1 - 5","Academia","Very concerned","I manage my own cyber security","Has grown/ increased in the last year","Technology;Lack of integrity (corruption);Business competition (sabotage, IP theft)","6","5","2","4","1","3","Penetration testing","Outsourced services","Only if there is a problem","Yes","Yes","No","No","Personal capacity","Loss of reputation","Did not report to the police","USD 0","","","","",""
"2017/11/10 2:34:12 pm GMT+3","EMMANUEL DESTINY","FREEMAN208@FACEBOOK.COM","09060149133","STUDENT/WORKER","6 - 20","Private Sector","Very concerned","I manage my own cyber security","Has grown/ increased in the last year","Technology;Lack of integrity (corruption);Economic interests(financial gain)","5","6","6","5","6","6","Audits","Social media network contacts","Only if there is a problem","No","Yes","Yes","Yes","No","No effect","Did not report to the police","Don't know","","","","",""
"2017/11/10 2:40:45 pm GMT+3","DANIEL IFEANGI OBANAKA","DANIELOBANKZ@YAHOO.COM","08136009291","EMMANUEL SCHOOLS","21 - 100","Academia","Very concerned","By the Internet Service Provider","Has not changed since last year","Technology;Lack of integrity (corruption);Economic interests(financial gain)","5","5","5","6","5","5","Audits","Social media network contacts","Never","No","No","No","No","No","No effect","Did not report to the police","Don't know","","","","",""
"2017/11/10 2:47:24 pm GMT+3","MICHAEL EVANS","MICHEALEVANS358@GMAIL.COM","09060649133","STUDENT","501 - 1000","Academia","Slightly concerned","In-house by someone who is in charge of (security) policies on behalf of the organisation, e.g., a sysadmin?","Has not changed since last year","Security education, training and awareness","4","5","6","1","3","2","Audits","Social media network contacts","Only if there is a problem","Yes","No","Yes","No","Through work","Loss of money;Loss of reputation","Did not report to the police","USD 1,001 - 5,000","","","","",""
"2017/11/10 2:56:24 pm GMT+3","FRANCIS EYIKE","UCHEFRANCIS.EYIKE@YAHOO.COM","08136661819","STUDENT","101 - 500","Academia","Very concerned","Don’t know","Has reduced in the past year","Technology","5","5","5","5","5","6","Don't know","I do not keep up to date","Never","No","No","No","No","No","No effect","Did not report to the police","Don't know","","","","",""
"2017/11/10 3:01:09 pm GMT+3","GEORGE WILLIAMS","GW547418@GMAIL.COM","08109163811","STUDENT","1000+","Academia","Slightly concerned","By the Internet Service Provider","Has grown/ increased in the last year","Lack of integrity (corruption)","6","3","4","2","1","5","Vulnerability assessments","I do not keep up to date","Never","No","No","No","No","No","No effect","Did not report to the police","Don't know","","","","",""
"2017/11/10 3:05:34 pm GMT+3","IFY OHAEGBU","N/A","08030534277","STUDENT","501 - 1000","Academia","Extremely concerned","Don’t know","Has grown/ increased in the last year","Technology;Economic interests(financial gain)","3","2","1","4","6","5","Don't know","I do not keep up to date","Only if there is a problem","Yes","No","No","No","No","No effect","Did not report to the police","Don't know","","","","",""
"2017/11/10 3:29:23 pm GMT+3","ALVAN IKENNA","ALVANIKENNA@YAHOO.COM","08104051267","STUDENT","1000+","Academia","Very concerned","Don’t know","Not much of an issue","Economic interests(financial gain)","5","6","4","1","2","3","Penetration testing","Outsourced services","Never","No","No","Yes","No","Personal capacity","Loss of money","Didn’t know how to report to the police","USD 0","","","","",""
"2017/11/10 3:33:51 pm GMT+3","ANUSHIEM DANIEL","ANUSHIEMDANNY@YAHOO.COM","09066560795","IMO STATE UNIVERSITY","1000+","Academia","Moderately concerned","Don’t know","Has grown/ increased in the last year","Technology;Lack of integrity (corruption);Business competition (sabotage, IP theft)","6","5","6","6","6","6","Don't know","I do not keep up to date","Never","No","No","No","No","No","No effect","Did not report to the police","Don't know","","","","",""
"2017/11/10 3:37:36 pm GMT+3","DESMOND CHANNELS","CHANNELSIMSU@YAHOO.COM","08174256892","IMO STATE UNIVERSITY","501 - 1000","Academia","Very concerned","Don’t know","Has grown/ increased in the last year","Technology;Economic interests(financial gain);Business competition (sabotage, IP theft)","5","5","5","5","5","6","Audits","I do not keep up to date","Only if there is a problem","Yes","Yes","Yes","Yes","No","No effect","Did not report to the police","Don't know","","","","",""
"2017/11/10 3:43:54 pm GMT+3","ADEYEMI DAMILARE","ADEYEMIDAMILARE@YAHOO.COM","08023251801","JOY COMPREHENSIVE SCHOOL","21 - 100","Academia","Not at all concerned","Don’t know","Has not changed since last year","Security education, training and awareness","6","3","6","5","5","6","Vulnerability assessments","Specialized news sources","Yearly","Yes","Yes","Yes","No","Through work","No effect","Did not report to the police","Don't know","","","","",""
"2017/11/10 3:48:03 pm GMT+3","OHAEGBU JUDITH","JUDITHOHAEGBU@GMAIL.COM","08035023355","STUDENT","101 - 500","Academia","Slightly concerned","Don’t know","Has grown/ increased in the last year","Technology;Economic interests(financial gain)","5","4","3","1","5","5","Don't know","I do not keep up to date","Only if there is a problem","Yes","Yes","No","No","No","No effect","Did not report to the police","Don't know","","","","",""
"2017/11/10 3:52:17 pm GMT+3","OHAEGBU RONNY","N/A","08107537392","NIC","1000+","Academia","Not at all concerned","Don’t know","Not much of an issue","Lack of integrity (corruption)","1","1","1","1","1","1","Don't know","I do not keep up to date","Only if there is a problem","Yes","Yes","Yes","Yes","No","No effect","Did not report to the police","USD 0","","","","",""
"2017/11/10 3:56:17 pm GMT+3","MARYJANE OKPE","BLESS2017@GMAIL.COM","08170342255","NIGERIA UNION OF TEACHING(NUT)","1000+","Academia","Moderately concerned","Don’t know","Has grown/ increased in the last year","Technology;Lack of integrity (corruption);Economic interests(financial gain)","6","6","5","6","6","6","Don't know","I do not keep up to date","Only if there is a problem","Yes","Yes","Yes","Yes","No","No effect","Did not report to the police","Don't know","","","","",""
"2017/11/10 4:03:37 pm GMT+3","NNAMDI EKENEDILICHUKWU","N/A","08107537392","STUDENT","101 - 500","Academia","Extremely concerned","Don’t know","Has grown/ increased in the last year","Technology","3","2","1","4","6","5","Don't know","I do not keep up to date","Only if there is a problem","Yes","Yes","No","No","No","No effect","Did not report to the police","Don't know","","","","",""
"2017/11/10 4:09:11 pm GMT+3","TRINITY UZO","EBENECHIBOY1@GMAIL.COM","08060932768","NUT","1000+","Academia","Moderately concerned","Don’t know","Has grown/ increased in the last year","Technology;Lack of integrity (corruption);Economic interests(financial gain)","6","6","5","6","6","6","Don't know","I do not keep up to date","Only if there is a problem","Yes","Yes","Yes","Yes","No","No effect","Did not report to the police","Don't know","","","","",""
"2017/11/10 4:14:56 pm GMT+3","ODUGUWA ANGOLAOLUWA","ANGOLAOLUWA.ODUGUWA@GMAIL.COM","09025960765","STUDENT","1000+","Academia","Very concerned","I manage my own cyber security","Has not changed since last year","Economic interests(financial gain)","6","4","5","1","3","2","Don't know","I do not keep up to date","Only if there is a problem","No","No","No","No","No","No effect","Did not report to the police","Don't know","","","","",""
"2017/11/10 4:20:51 pm GMT+3","OKEKE PRECIOUS AMARA","PRECIOUSOKEKE@YAHOO.COM","08176673505","STUDENT","501 - 1000","Academia","Moderately concerned","Don’t know","Has not changed since last year","Technology;Economic interests(financial gain);Business competition (sabotage, IP theft)","6","6","6","5","6","6","Don't know","I do not keep up to date","Never","No","No","No","No","No","No effect","Did not report to the police","Don't know","","","","",""
"2017/11/10 4:32:47 pm GMT+3","EZIMA IKECHUKWA","EZIMA.IKECHUKWA@YAHOO.COM","08141225667","STUDENT","101 - 500","Academia","Slightly concerned","Don’t know","Has reduced in the past year","Lack of integrity (corruption)","6","6","6","6","6","6","Don't know","I do not keep up to date","Only if there is a problem","No","No","No","No","No","No effect","Did not report to the police","Don't know","","","","",""
"2017/11/10 4:37:25 pm GMT+3","UCHENNA BASIL","BASILUCHENNA@GMAIL.COM","+2348182898724","STUDENT","1 - 5","Academia","Moderately concerned","I manage my own cyber security","Has grown/ increased in the last year","Technology;Security education, training and awareness;Lack of integrity (corruption)","5","6","2","1","3","4","Vulnerability assessments","Social media network contacts","Only if there is a problem","Yes","Yes","Yes","Yes","No","No effect","Did not report to the police","USD 0","","","","",""
"2017/11/10 4:42:48 pm GMT+3","ADEKUNLE THOMPSON","TMADEKUNLE@GMAIL.COM","08139344191","STUDENT(UNIOS UNIVERSITY)","501 - 1000","Academia","Moderately concerned","Don’t know","Has not changed since last year","Economic interests(financial gain)","2","3","5","3","2","6","Don't know","Social media network contacts;I do not keep up to date","Never","Yes","No","No","No","No","No effect","Did not report to the police","Don't know","","","","",""
"2017/11/10 4:46:37 pm GMT+3","ADENIJI AISHAT","ADENIJIAISHAT@GMAIL.COM","08131942756","UNIVERSITY OF LAGOS","501 - 1000","Academia","Very concerned","Don’t know","Has not changed since last year","Technology;Lack of integrity (corruption);Business competition (sabotage, IP theft)","6","6","6","6","6","6","Audits","I do not keep up to date","Only if there is a problem","No","No","Yes","Yes","Personal capacity","Loss of money","Reported to the police with no further action","Don't know","","","","",""
"2017/11/10 4:50:09 pm GMT+3","PROF. ADEYEMI A. ADEKOYA","AADEKOYA@VSU.EDU","07081610053","UNIVERSITY OF LAGOS","101 - 500","Academia","Extremely concerned","In-house by someone who is in charge of (security) policies on behalf of the organisation, e.g., a sysadmin?","Has not changed since last year","Technology;Security education, training and awareness;Lack of integrity (corruption)","6","5","4","3","2","5","Audits","Outsourced services","Yearly","Yes","Yes","Yes","Yes","Through work","Down time","Did not report to the police","Don't know","","","","",""
"2017/11/10 4:53:58 pm GMT+3","DELIGHT FIKI","FIKI2017@YAHOO.COM","N/A","WORD LEADER SCHOOL","21 - 100","Academia","Moderately concerned","Don’t know","Has not changed since last year","Technology;Security education, training and awareness;Business competition (sabotage, IP theft)","2","5","4","3","6","3","Don't know","I do not keep up to date","Never","Yes","No","No","Yes","No","No effect","Did not report to the police","Don't know","","","","",""
"2017/11/15 9:13:16 am GMT+3","Akeen Akan Aglass","danasfash@gmail.com","08026280370","Softount Solution","1 - 5","Cyber Security Sector","Slightly concerned","I manage my own cyber security","Not much of an issue","Technology;Security education, training and awareness;Lack of integrity (corruption)","4","4","6","5","6","3","Penetration testing;Vulnerability assessments","Outsourced services","Monthly","Yes","Yes","Yes","Yes","Personal capacity","Loss of money;Down time;Inconvenience;Psychologically harmful","","USD 1 - 1,000","","","","",""
"2017/11/15 9:19:14 am GMT+3","ISMAHILL HARUNA","ISMAHILL.HARUNA@YAHOO.COM","08032073426","HARIXM SOLUTIONS","1 - 5","Government","Extremely concerned","In-house by someone who is in charge of (security) policies on behalf of the organisation, e.g., a sysadmin?","Has grown/ increased in the last year","Technology;Security education, training and awareness;Lack of integrity (corruption)","6","6","6","6","6","6","Don't know","Generic newspapers and news broadcaster;Specialized news sources;Consulting companies;Outsourced services;Social media network contacts;I do not keep up to date","Never","Yes","No","Yes","No","No","No effect","","Don't know","","","","",""
"2017/11/15 9:24:57 am GMT+3","LEKE MOHAMMED","LEKE.MOHAMMED@VOGVEPEY.COM","0703147384","YOGVEPAY","21 - 100","Financial Services","Extremely concerned","In-house by someone who is in charge of (security) policies on behalf of the organisation, e.g., a sysadmin?","Has grown/ increased in the last year","Technology;Security education, training and awareness","6","6","6","6","6","6","Penetration testing;Vulnerability assessments;Audits","Generic newspapers and news broadcaster;Specialized news sources;Social media network contacts","Monthly","No","Yes","Yes","Yes","Personal capacity","Inconvenience","Did not report to the police","USD 1 - 1,000","","","","",""
"2017/11/15 9:33:26 am GMT+3","ADEWOLE ADEOYE","GGEMSENTERPRESE@GMAIL.COM","08134667004","GGEMSENTERPRISES","1 - 5","Private Sector","Moderately concerned","By the Internet Service Provider","Has grown/ increased in the last year","Business competition (sabotage, IP theft)","6","6","6","6","6","6","Vulnerability assessments","Generic newspapers and news broadcaster","Yearly","No","Yes","Yes","Yes","No","Loss of money","Reported to the police, who followed it through but no prosecution took place","USD 1 - 1,000","","","","",""
"2017/11/15 9:45:23 am GMT+3","T KOLAWOLE","T.KOLAWOLE@TTAKENERGY.COM","08099789321","TTAK ENERGY & RESOURCES L.T.D","1 - 5","Private Sector","Not at all concerned","By the Internet Service Provider","Has grown/ increased in the last year","Security education, training and awareness","6","6","5","","","","Don't know","I do not keep up to date","Only if there is a problem","Yes","No","Yes","No","Personal capacity","Inconvenience","Didn’t know how to report to the police","USD 1 - 1,000","","","","",""
"2017/11/15 9:50:17 am GMT+3","CATHERINE OKWARI","OKAKATI@YAHOO.COM","07033743421","KAIN ENERGY L.T.D","6 - 20","Private Sector","Moderately concerned","In-house by someone who is in charge of (security) policies on behalf of the organisation, e.g., a sysadmin?","Has grown/ increased in the last year","Technology","","","","","","","Audits","I do not keep up to date","Only if there is a problem","No","No","Yes","Yes","Personal capacity","Inconvenience","Did not report to the police","Don't know","","","","",""
"2017/11/15 9:55:38 am GMT+3","OKONKWO EMMANUEL","EOKONKWO@QUALISERVEGROUP.COM","08033940283","QUALISERVE TECHNOLOGIES L.T.D","21 - 100","Private Sector","Extremely concerned","In-house by someone who is in charge of (security) policies on behalf of the organisation, e.g., a sysadmin?","Has grown/ increased in the last year","Technology;Lack of integrity (corruption);Business competition (sabotage, IP theft)","4","4","4","5","4","6","Audits","I do not keep up to date","Never","Yes","No","Yes","Yes","No","","","Don't know","","","","",""
"2017/11/15 9:59:48 am GMT+3","AGUMAGU JOSEPH","agumagujooseph@gmail.com","08091774373","HEW TELEGRAPH","21 - 100","Private Sector","Slightly concerned","Don’t know","Has grown/ increased in the last year","Economic interests(financial gain)","6","6","6","6","6","6","Don't know","I do not keep up to date","Only if there is a problem","Yes","No","No","No","Personal capacity","No effect","Did not report to the police","Don't know","","","","",""
"2017/11/15 10:05:54 am GMT+3","TANWA ASHIRU","TANWA.ASHIRU@BULOCUTINTELLIGENCE.COM","08168077775","BULWASK INTELLIGENCE","6 - 20","Private Sector","Very concerned","Outsourced to an independent specialist or organisation","Has grown/ increased in the last year","Technology","6","5","4","5","6","6","Vulnerability assessments","Generic newspapers and news broadcaster;Specialized news sources","Monthly","No","No","Yes","Yes","No","","","USD 1 - 1,000","","","","",""
"2017/11/15 10:10:35 am GMT+3","KEHINDE ADEBAYO","KADEBAYO04@YAHOO.COM","0808912391","KAIN ENERGY L.T.D","21 - 100","Private Sector","Very concerned","By the Internet Service Provider","Not much of an issue","Economic interests(financial gain)","","","","","","","Audits","Consulting companies","Monthly","No","No","Yes","No","Personal capacity","Psychologically harmful","Reported to the police with no further action","Don't know","","","","",""
"2017/11/15 10:15:24 am GMT+3","JIDAW ZOOZ","JIDAW ZOOZ@YAHOO.COM","08033298318","JIDAW SYSTEM","6 - 20","Professional Services","Very concerned","In-house by someone who is in charge of (security) policies on behalf of the organisation, e.g., a sysadmin?","Has grown/ increased in the last year","Security education, training and awareness;Lack of integrity (corruption);Economic interests(financial gain)","5","3","4","6","3","6","Audits","Generic newspapers and news broadcaster;Specialized news sources;Social media network contacts","Yearly","Yes","Yes","Yes","Yes","Personal capacity","Inconvenience","Did not report to the police","USD 1 - 1,000","","","","",""
"2017/11/15 10:20:45 am GMT+3","NOLE TALABI","NOLE.TALABI@KAINENERGY_NG.COM","08030638074","KAIN ENERGY L.T.D","21 - 100","Professional Services","Moderately concerned","Outsourced to an independent specialist or organisation","Has grown/ increased in the last year","Technology;Security education, training and awareness;Business competition (sabotage, IP theft)","6","6","6","6","6","6","Don't know","Outsourced services","Yearly","No","No","Yes","Yes","Personal capacity;Through work","Inconvenience;No effect","Did not report to the police","USD 1 - 1,000","","","","",""
"2017/11/15 11:22:53 am GMT+3","OBI OKECHUKWU","OBIKECHU6@YAHOO.COM, OBI@MEDALLION.COM","08064554620","MEDALLION COMMUNICATION","21 - 100","Telecommunication","Very concerned","In-house by someone who is in charge of (security) policies on behalf of the organisation, e.g., a sysadmin?","Has grown/ increased in the last year","Technology;Lack of integrity (corruption);Economic interests(financial gain)","","","","","","","Penetration testing;Vulnerability assessments;Audits","I do not keep up to date","Yearly","Yes","No","No","No","No","","","Don't know","","","","",""
"2017/11/16 7:35:43 am GMT+3","MORDI AZUKA","FABULOUSLEXY@GMAIL.COM","08033983354","ACCESS BANK","1000+","Banking","Extremely concerned","In-house by someone who is in charge of (security) policies on behalf of the organisation, e.g., a sysadmin?","Has grown/ increased in the last year","Technology;Lack of integrity (corruption);Economic interests(financial gain)","6","6","6","6","6","6","Audits","Outsourced services","Monthly","No","No","Yes","Yes","No","No effect","Did not report to the police","Don't know","","","","",""
"2017/11/16 7:39:19 am GMT+3","N/A","N/A","08172076618","N/A","1000+","Banking","Extremely concerned","In-house by someone who is in charge of (security) policies on behalf of the organisation, e.g., a sysadmin?","Has grown/ increased in the last year","Lack of integrity (corruption);Economic interests(financial gain);Business competition (sabotage, IP theft)","1","1","1","1","1","1","Penetration testing;Vulnerability assessments;Audits","Specialized news sources;Consulting companies;Outsourced services;Social media network contacts","Weekly","Yes","Yes","Yes","Yes","Personal capacity;Through work","Inconvenience","Did not report to the police","Don't know","","","","",""
"2017/11/16 7:42:56 am GMT+3","N/A","EDUAWEGOKE@GMAIL.COM","08037274559","N/A","1000+","Banking","Very concerned","In-house CERT","Has grown/ increased in the last year","Technology;Security education, training and awareness;Economic interests(financial gain)","4","3","6","5","5","5","Penetration testing;Vulnerability assessments;Audits","Generic newspapers and news broadcaster;Specialized news sources;Consulting companies;Social media network contacts","Monthly","Yes","Yes","Yes","Yes","Personal capacity","Loss of money","Reported to the police, who followed it through but no prosecution took place","USD 10,000+","","","","",""
"2017/11/16 7:46:48 am GMT+3","ROBERT GILES","GILES@DIAMONDBANK.COM","07064189091","DIAMOND BANK PLC","101 - 500","Banking","Extremely concerned","In-house by someone who is in charge of (security) policies on behalf of the organisation, e.g., a sysadmin?","Has grown/ increased in the last year","Technology;Security education, training and awareness;Business competition (sabotage, IP theft)","6","2","5","4","3","1","Audits","Consulting companies","Yearly","No","Yes","Yes","Yes","No","No effect","Reported to the police, who followed it through to successful prosecution","Don't know","","","","",""
"2017/11/16 7:50:43 am GMT+3","HANSON AFIEMO","AFIEMOWOEZI@GMAIL.COM","08184051844","ECOBANK","1000+","Banking","Extremely concerned","In-house by someone who is in charge of (security) policies on behalf of the organisation, e.g., a sysadmin?","Has grown/ increased in the last year","Economic interests(financial gain)","4","6","3","2","5","2","Vulnerability assessments;Audits","Specialized news sources","Weekly","Yes","Yes","No","No","Personal capacity","Inconvenience","Did not report to the police","USD 10,000+","","","","",""
"2017/11/16 7:55:05 am GMT+3","N/A","JERRY_FRANCES@YAHOO.COM","08039360780","FIDELITY BANK PLC","1000+","Banking","Extremely concerned","Outsourced to an independent specialist or organisation","Has grown/ increased in the last year","Security education, training and awareness","4","6","4","6","4","6","Penetration testing;Vulnerability assessments;Audits","Specialized news sources;Consulting companies;Outsourced services;Social media network contacts","Monthly","Yes","Yes","Yes","Yes","Through work","Loss of money;Loss of reputation","Reported to the police, who followed it through but no prosecution took place","Don't know","","","","",""
"2017/11/16 8:17:27 am GMT+3","NKECHINYERE  UKOH","NKECHINYEREUKOH@YAHOO.COM","08023710144","FIDELITY BANK PLC","1000+","Banking","Extremely concerned","Don’t know","Has grown/ increased in the last year","Technology;Security education, training and awareness;Economic interests(financial gain)","6","6","5","6","6","6","Penetration testing;Vulnerability assessments;Audits","I do not keep up to date","Only if there is a problem","No","Yes","Yes","Yes","Through work","","Reported to the police, who followed it through to successful prosecution","Don't know","","","","",""
"2017/11/17 12:37:28 pm GMT+3","Johnson FALANA","proverb814@yahoo.com","08034761252","IHS Nigeria Ltd","501 - 1000","Telecommunication","Extremely concerned","In-house CERT","Has not changed since last year","Security education, training and awareness","5","6","5","6","5","6","Audits","Consulting companies","Yearly","Yes","Yes","Yes","Yes","No","","","USD 1,001 - 5,000","","","","",""
"2017/11/18 11:53:06 am GMT+3","Anthony Nwosu","chimenwosu@yahoo.com","+2348098238215","","101 - 500","Banking","Extremely concerned","In-house by someone who is in charge of (security) policies on behalf of the organisation, e.g., a sysadmin?","Has grown/ increased in the last year","Technology;Security education, training and awareness;Economic interests(financial gain)","6","6","6","6","6","6","Penetration testing;Vulnerability assessments;Audits","Specialized news sources;Consulting companies","Yearly","Yes","Yes","Yes","Yes","No","","","USD 10,000+","","","","",""
"2017/11/18 11:57:28 am GMT+3","Elezuo Benjamin Uduka","elezuo2001@yahoo.co.uk","+234-8062108915","First Bank of Nigeria Limited","1000+","Banking","Extremely concerned","Don’t know","Has grown/ increased in the last year","Security education, training and awareness;Lack of integrity (corruption);Economic interests(financial gain)","6","3","5","4","2","1","Penetration testing","Specialized news sources","Only if there is a problem","Yes","Yes","Yes","Yes","No","No effect","Did not report to the police","Don't know","","","","",""
"2017/11/18 11:59:18 am GMT+3","Folu oked","fokedare@gmail.com","+2348022626110","Deloitte","501 - 1000","Professional Services","Extremely concerned","In-house by someone who is in charge of (security) policies on behalf of the organisation, e.g., a sysadmin?","Has grown/ increased in the last year","Technology;Security education, training and awareness;Economic interests(financial gain)","3","4","6","6","5","6","Penetration testing;Vulnerability assessments;Audits","Consulting companies","Yearly","Yes","Yes","Yes","Yes","No","","Reported to the police with no further action","USD 1,001 - 5,000","","","","",""
"2017/11/18 12:24:19 pm GMT+3","Erhomo","eregbedi27@yahoo.com","08033012180","Mobil Producing Nigeria Unlimited","1000+","Professional Services","Extremely concerned","In-house by someone who is in charge of (security) policies on behalf of the organisation, e.g., a sysadmin?","Has grown/ increased in the last year","Technology;Security education, training and awareness;Economic interests(financial gain)","5","6","6","4","5","6","Penetration testing;Vulnerability assessments;Audits","Generic newspapers and news broadcaster;Specialized news sources","Monthly","Yes","Yes","Yes","Yes","Through work","No effect","Reported to the police with no further action","Don't know","","","","",""
"2017/11/18 2:03:58 pm GMT+3","NNAMDI NWOSU","nwosu.nnamdi@gmail.com","08060203672","Fidson Healthcare Plc.","501 - 1000","Healthcare Services","Moderately concerned","In-house by someone who is in charge of (security) policies on behalf of the organisation, e.g., a sysadmin?","Has not changed since last year","Security education, training and awareness;Lack of integrity (corruption);Economic interests(financial gain)","3","5","5","6","4","6","Vulnerability assessments;Audits","Specialized news sources","Never","Yes","No","Yes","No","Through work","Inconvenience","Did not report to the police","USD 10,000+","","","","",""
"2017/11/18 5:28:54 pm GMT+3","Timothy Okafor ","","08168262162","","501 - 1000","Professional Services","Extremely concerned","In-house by someone who is in charge of (security) policies on behalf of the organisation, e.g., a sysadmin?","Has grown/ increased in the last year","Security education, training and awareness","4","5","5","5","5","6","Penetration testing;Vulnerability assessments;Audits","Consulting companies;Outsourced services","Yearly","Yes","Yes","Yes","Yes","No","No effect","","Don't know","","","","",""
"2017/11/18 7:03:49 pm GMT+3","Anonymous","","234","","101 - 500","Financial Services","Very concerned","In-house by someone who is in charge of (security) policies on behalf of the organisation, e.g., a sysadmin?","Has not changed since last year","Lack of integrity (corruption);Economic interests(financial gain);Business competition (sabotage, IP theft)","3","5","5","4","4","3","Penetration testing;Vulnerability assessments;Audits","Generic newspapers and news broadcaster;Specialized news sources;Social media network contacts","Monthly","Yes","Yes","Yes","Yes","Through work","Loss of money;Down time;Loss of reputation","Reported to the police, who followed it through but no prosecution took place","USD 10,000+","","","","",""
"2017/11/18 8:59:20 pm GMT+3","Femi Komolafe","Fkmouse@gmail.com","+2348022345678","First Bank","1000+","Banking","Extremely concerned","In-house by someone who is in charge of (security) policies on behalf of the organisation, e.g., a sysadmin?","Has grown/ increased in the last year","Technology;Security education, training and awareness","5","6","6","6","5","6","Penetration testing;Vulnerability assessments;Audits","Specialized news sources;Outsourced services","Monthly","No","Yes","No","No","Through work","Loss of money;Loss of reputation","Did not report to the police","USD 10,000+","","","","",""
"2017/11/18 11:40:39 pm GMT+3","FRANCES","jerry_frances@yahoo.com","08039360780","Fidelity Bank Plc","1000+","Banking","Extremely concerned","In-house by someone who is in charge of (security) policies on behalf of the organisation, e.g., a sysadmin?","Has grown/ increased in the last year","Technology;Security education, training and awareness;Economic interests(financial gain)","5","6","6","6","6","6","Penetration testing;Vulnerability assessments;Audits","Outsourced services","Yearly","Yes","Yes","Yes","Yes","No","","","USD 10,000+","","","","",""
"2017/11/18 11:55:23 pm GMT+3","Olusola Odediran","odediran_sola@yahoo.com","+2347034114618","Diamond Bank Plc","1000+","Banking","Very concerned","In-house by someone who is in charge of (security) policies on behalf of the organisation, e.g., a sysadmin?","Has grown/ increased in the last year","Security education, training and awareness","5","5","5","6","3","6","Penetration testing;Vulnerability assessments;Audits","Specialized news sources","Monthly","Yes","Yes","Yes","Yes","No","","","USD 10,000+","","","","",""
"2017/11/19 10:47:23 am GMT+3","Adesina Musa Arogundade","sarogundade@hotmail.com","08033022311","Adesina Arogundade & Co. Chartered Accountants","1 - 5","Professional Services","Very concerned","In-house by someone who is in charge of (security) policies on behalf of the organisation, e.g., a sysadmin?","Has grown/ increased in the last year","Security education, training and awareness","1","2","1","1","2","1","Vulnerability assessments","Specialized news sources","Monthly","Yes","Yes","No","No","Personal capacity","Loss of money","Did not report to the police","USD 1,001 - 5,000","","","","",""
"2017/11/19 11:13:14 am GMT+3","Dammie","Dee4dammie@yahoo.co.uk","07032798094","","1000+","Banking","Extremely concerned","In-house by someone who is in charge of (security) policies on behalf of the organisation, e.g., a sysadmin?","Has grown/ increased in the last year","Technology;Security education, training and awareness;Economic interests(financial gain);Business competition (sabotage, IP theft)","4","6","4","6","4","6","Penetration testing;Vulnerability assessments;Audits","Generic newspapers and news broadcaster;Outsourced services","Yearly","Yes","Yes","Yes","Yes","No","No effect","Did not report to the police","USD 10,000+","","","","",""
"2017/11/19 12:06:50 pm GMT+3","Tsema Omatseye","tsemaomatseye@yahoo.co.uk","08035797354","Skye Bank","1000+","Banking","Extremely concerned","In-house by someone who is in charge of (security) policies on behalf of the organisation, e.g., a sysadmin?","Has grown/ increased in the last year","Technology;Security education, training and awareness;Economic interests(financial gain)","4","6","4","5","4","6","Penetration testing;Vulnerability assessments;Audits","I do not keep up to date","Yearly","No","No","No","No","Through work","Loss of money;Down time;Inconvenience","Did not report to the police","Don't know","","","","",""
"2017/11/19 8:21:49 pm GMT+3","Ganiyu Moriliat ","morolaganiyu2006@yahoo.com ","07081645297","","48,000+","Government","Very concerned","In-house by someone who is in charge of (security) policies on behalf of the organisation, e.g., a sysadmin?","Has grown/ increased in the last year","Technology;Security education, training and awareness;Economic interests(financial gain);Business competition (sabotage, IP theft)","6","6","5","6","6","6","Penetration testing;Vulnerability assessments;Audits","Generic newspapers and news broadcaster;Specialized news sources;Consulting companies","Yearly","Yes","No","Yes","Yes","No","","","Don't know","","","","",""
"2017/11/20 12:54:45 pm GMT+3","Okechukwu Jovita","jovy_chichi@yahoo.com","+2347035046181","Dizengoff Nigeria","101 - 500","Professional Services","Moderately concerned","In-house by someone who is in charge of (security) policies on behalf of the organisation, e.g., a sysadmin?","Has grown/ increased in the last year","Lack of integrity (corruption);Economic interests(financial gain);Business competition (sabotage, IP theft)","4","5","4","5","5","6","Don't know","I do not keep up to date","Only if there is a problem","Yes","No","No","No","Personal capacity","Loss of money;Down time;Inconvenience;Psychologically harmful;Loss of reputation","Did not report to the police","Don't know","","","","",""
"2017/11/21 7:35:01 pm GMT+3","Karl Agbanyim","agbanyimchinedu@yahoo.com","08037770282","Law Union and Rock Insurance","101 - 500","Insurance","Slightly concerned","Don’t know","Has grown/ increased in the last year","Technology;Security education, training and awareness;Lack of integrity (corruption)","5","6","5","4","5","6","Don't know","I do not keep up to date","Only if there is a problem","Yes","No","No","No","Through work","Loss of money;Down time;Inconvenience","Did not report to the police","USD 0","","","","",""
"2017/11/22 11:03:31 am GMT+3","FIYINFOLUWA BAMIGBOLA","fiyin.bamigbola@gmail.com","07037400939","AB MICROFINANCE BANK NIG LTD","501 - 1000","Banking","Slightly concerned","In-house by someone who is in charge of (security) policies on behalf of the organisation, e.g., a sysadmin?","Has grown/ increased in the last year","Technology;Security education, training and awareness;Lack of integrity (corruption);Economic interests(financial gain)","6","4","1","5","1","6","Audits","Social media network contacts","Monthly","No","No","No","No","No","No effect","Did not report to the police","Don't know","","","","",""
"2017/11/27 4:01:00 pm GMT+3","Dapo","dapomail@gmail.com","+2348033038144","","1 - 5","Professional Services","Very concerned","I manage my own cyber security","Has grown/ increased in the last year","Technology;Security education, training and awareness;Lack of integrity (corruption)","5","6","6","6","5","5","Penetration testing;Vulnerability assessments;Audits","Specialized news sources;Consulting companies","Yearly","Yes","Yes","No","No","No","Down time","Didn’t know how to report to the police","USD 1 - 1,000","","","","",""
"2018/06/27 6:54:15 pm GMT+3","John","","08033333333","Personal","1 - 5","Cyber Security Sector","Moderately concerned","I manage my own cyber security","Has grown/ increased in the last year","Technology;Security education, training and awareness;Lack of integrity (corruption);Economic interests(financial gain);Business competition (sabotage, IP theft)","4","6","4","4","5","5","Audits","Generic newspapers and news broadcaster","Only if there is a problem","No","No","No","No","No","No effect","Did not report to the police","Don't know","","","","",""