"Timestamp","Username","Name:","Email Address:","Phone Number:","Name of your organisation: "," How many employees work for your company?","Which category most closely fits your organization type?","How much of a concern is cybercrime for your organization?","How is your  organisation’s cyber security managed?","According to your opinion on cybercrime in Tanzania.. ","According to your opinion, cybercrime is a problem rooted in...? [Please select at most 3 options.]","To make the Internet a safer place and to fight cyber-crime, what are the topics we should conduct more research on? [Please rank all option(s) with '1' being the least and '6' being the highest]  [Better metrics and statistics on cybercrime]","To make the Internet a safer place and to fight cyber-crime, what are the topics we should conduct more research on? [Please rank all option(s) with '1' being the least and '6' being the highest]  [Better laws and regulations]","To make the Internet a safer place and to fight cyber-crime, what are the topics we should conduct more research on? [Please rank all option(s) with '1' being the least and '6' being the highest]  [Improved technology for our networks and operating systems]","To make the Internet a safer place and to fight cyber-crime, what are the topics we should conduct more research on? [Please rank all option(s) with '1' being the least and '6' being the highest]  [Improve our understanding of society and the cyber community]","To make the Internet a safer place and to fight cyber-crime, what are the topics we should conduct more research on? [Please rank all option(s) with '1' being the least and '6' being the highest]  [Better encryption and improved privacy]","To make the Internet a safer place and to fight cyber-crime, what are the topics we should conduct more research on? [Please rank all option(s) with '1' being the least and '6' being the highest]  [Better education of users of the Internet]","Which of the following security testing techniques does your organization use? (Select all that apply)","Is there a dedicated role/person within your organisation assigned to distributing/communicating latest cybersecurity updates? If yes, what are the avenues used to collect information?","How often are staff trained on cybersecurity risks?","Does your organisation allow the use of Bring Your Own Devices (BYODs)? ","Does your organisation have a best practice policy for BYOD? (Select one option)","Does your organization allow/utilize Cloud Services or Internet of Things Tech (Big Data Analytics)?","Does your organization have a best practice policy for IoT and Cloud Services?","Have you been a victim of  any cybercriminal activity in the last 5 years?In what capacity?","If you have been a victim of cybercrime in the last 5 years, what were the implications?(Select all that apply)","If you have been a victim of cybercrime, what action followed? (Select one option)","Approximately how much does your organisation spend annually on cyber security?(Select one option)","A good cyber-security program consists of : People, Process, and Technology. Which of the three do you feel holds more importance in your organisation?  [Please rank all option(s) with '1' being the least and '6' being the highest]  [People]","A good cyber-security program consists of : People, Process, and Technology. Which of the three do you feel holds more importance in your organisation?  [Please rank all option(s) with '1' being the least and '6' being the highest]  [Process]","A good cyber-security program consists of : People, Process, and Technology. Which of the three do you feel holds more importance in your organisation?  [Please rank all option(s) with '1' being the least and '6' being the highest]  [Technology]",""
"2017/06/21 6:40:34 am GMT+3","","","lusekelojo@gmail.com","+255712200644","TANESCO","1000+","Government","Slightly concerned","Don’t know","Has grown/ increased in the last year","Technology","3","1","5","3","2","5","Audits","Social media network contacts","Yearly","No","No","No","No","Never","No effect","Did not report to the police","USD 1,001 -5,000","","","","Lusekelo Joshua"
"2017/06/21 6:48:02 am GMT+3","","","ahmad.mwenyemanga@sumatra.go.tz","+255784999330","SUMATRA","101 - 500","Government","Moderately concerned","In-house by someone who is in charge of (security) policies on behalf of the organisation, e.g., a sysadmin?","Has grown/ increased in the last year","Technology;Lack of integrity (corruption);Economic interests(financial gain)","4","6","6","6","5","4","Audits","Social media network contacts","Only if there is a problem","No","No","No","No","Personal capacity","Loss of money","Did not report to the police","Don't know","","","","Ahmad Mwenyemanga"
"2017/06/21 6:52:11 am GMT+3","","","dora.ndabaga@gmail.com","+255756508258","SUMATRA","101 - 500","Government","Slightly concerned","In-house by someone who is in charge of (security) policies on behalf of the organisation, e.g., a sysadmin?","Has grown/ increased in the last year","Economic interests(financial gain)","3","5","2","4","3","6","Audits","Social media network contacts","Never","Yes","No","No","No","Never","","","USD. 0","","","","Dora Ndabaga"
"2017/06/21 6:56:09 am GMT+3","","","gmwamajemba@gmail.com","0757595840","SUMATRA","101 - 500","Government","Moderately concerned","In-house by someone who is in charge of (security) policies on behalf of the organisation, e.g., a sysadmin?","Has grown/ increased in the last year","Technology","1","2","3","5","4","6","Don't know","I do not keep up to date","Never","Yes","No","No","No","Never","No effect","","Don't know","","","","Geofrey Mwamajemba"
"2017/06/21 8:49:53 am GMT+3","jaliyahya@gmail.com","","jaliyahya@gmail.com","0713920131","SUMATRA","6 - 20","Government","Very concerned","In-house by someone who is in charge of (security) policies on behalf of the organisation, e.g., a sysadmin?","Has not changed since last year","Security education, training and awareness","1","4","4","6","5","6","Vulnerability assessments;Audits","I do not keep up to date","Never","No","No","No","No","Never","","","Don't know","","","","Juma A. Ally"
"2017/06/21 10:44:11 am GMT+3","","","peter.mbelwa@ssra.go.tz","+255785479842","SSRA","21 - 100","Government","Moderately concerned","In-house by someone who is in charge of (security) policies on behalf of the organisation, e.g., a sysadmin?","Has grown/ increased in the last year","Technology","6","6","5","4","5","6","Penetration testing;Vulnerability assessments;Audits","I do not keep up to date","Never","No","No","No","Yes","","","","USD 10,000+","","","","Peter Mbelwa"
"2017/06/21 10:50:19 am GMT+3","","","","","","1000+","Banking","Extremely concerned","In-house by someone who is in charge of (security) policies on behalf of the organisation, e.g., a sysadmin?","Has grown/ increased in the last year","Technology","5","1","3","4","5","2","Penetration testing;Vulnerability assessments;Audits","Specialized news sources","Yearly","No","Yes","No","No","Through work","Loss of money;Loss of reputation","Reported to the police, who followed it through to successful prosecution","USD 10,000+","","","",""
"2017/06/21 11:10:43 am GMT+3","","","skshayo@yahoo.com","","EGA","101 - 500","Government","Extremely concerned","In-house by someone who is in charge of (security) policies on behalf of the organisation, e.g., a sysadmin?","Has grown/ increased in the last year","Security education, training and awareness","3","5","5","4","","5","Vulnerability assessments","Generic newspapers and news broadcaster;Specialized news sources","Only if there is a problem","No","No","No","No","No","No effect","","USD 10,000+","","","","Sylvan Shayo"
"2017/06/21 11:35:31 am GMT+3","","","lubembela.lubembela@nmbtz.com","+255767545467","NMB PLC","1000+","Banking","Extremely concerned","Outsourced to an independent specialist or organisation","Has grown/ increased in the last year","Security education, training and awareness","5","6","6","6","6","6","Penetration testing;Vulnerability assessments;Audits","Generic newspapers and news broadcaster","Yearly","No","Yes","No","Yes","No","No effect","Did not report to the police","USD 1,001 - 5,000","","","","Lubembela M. Lubembela"
"2017/06/21 11:42:05 am GMT+3","","","zainathabit@yahoo.com","+255715365370","Workers Compensation Fund","21 - 100","Government","Moderately concerned","Don’t know","Not much of an issue","Economic interests(financial gain)","6","6","6","6","6","6","Don't know","Generic newspapers and news broadcaster","Only if there is a problem","Yes","No","No","Yes","No","No effect","","Don't know","","","","Zaina T. Mohamed"
"2017/06/21 12:11:18 pm GMT+3","","","ngowi2013@gmail.com","0754806772","EGA","21 - 100","Government","Very concerned","In-house by someone who is in charge of (security) policies on behalf of the organisation, e.g., a sysadmin?","Has grown/ increased in the last year","Technology","3","5","6","6","6","5","Penetration testing;Vulnerability assessments","Specialized news sources","Yearly","Yes","No","Yes","No","Personal capacity","Down time;Inconvenience;Psychologically harmful;Loss of reputation","Did not report to the police","USD 1,001 - 5,000","","","","Joan Valentine"
"2017/06/21 12:15:23 pm GMT+3","","","muberwa.kaino@ssra.go.tz","0742700992","SSRA","21 - 100","Government","Extremely concerned","In-house by someone who is in charge of (security) policies on behalf of the organisation, e.g., a sysadmin?","Not much of an issue","Business competition (sabotage, IP theft)","5","5","5","5","6","6","Penetration testing","Generic newspapers and news broadcaster;Specialized news sources;Social media network contacts","Yearly","No","No","No","No","No","No effect","Did not report to the police","USD 10,000+","","","","Muberwa Kaino"
"2017/06/21 12:19:54 pm GMT+3","","","ernest.masaka@ssra.go.tz","0656994450","SSRA","21 - 100","Government","Extremely concerned","I manage my own cyber security","Has grown/ increased in the last year","Security education, training and awareness","5","5","6","6","6","6","Penetration testing","I do not keep up to date","Yearly","No","Yes","No","No","Personal capacity","Loss of money","Did not report to the police","USD 5,001 - 10,000","","","","Ernest Masaka"
"2017/06/21 12:25:19 pm GMT+3","","","chingaboy05@yahoo.com","0716879386","CRDB","1000+","Banking","Extremely concerned","In-house by someone who is in charge of (security) policies on behalf of the organisation, e.g., a sysadmin?","Has grown/ increased in the last year","Security education, training and awareness","5","5","6","6","6","6","Audits","Generic newspapers and news broadcaster","Monthly","No","Yes","No","No","Through work","Loss of money;Inconvenience;Loss of reputation","Reported to the police, who followed it through to successful prosecution","Don't know","","","","Muhaji S. Mdenge"
"2017/06/21 12:29:42 pm GMT+3","","","vjmwolo@bot.go.tz","0699210039","BOT","1000+","Financial Services","Very concerned","In-house CERT","Has grown/ increased in the last year","Economic interests(financial gain)","5","4","1","2","3","6","Vulnerability assessments;Audits","Generic newspapers and news broadcaster;Specialized news sources;Consulting companies","Yearly","No","Yes","No","No","Personal capacity","Down time","Did not report to the police","Don't know","","","","Venance Mwolo"
"2017/06/21 12:34:11 pm GMT+3","","","amkangaa@gmail.com","0783370311","PSPF","101 - 500","Insurance","Extremely concerned","In-house by someone who is in charge of (security) policies on behalf of the organisation, e.g., a sysadmin?","Has grown/ increased in the last year","Technology;Security education, training and awareness;Lack of integrity (corruption)","5","4","3","1","5","2","Penetration testing;Vulnerability assessments;Audits","Generic newspapers and news broadcaster;Social media network contacts","Yearly","Yes","No","No","No","No","","","USD 10,000+","","","","Mkangaa A.E."
"2017/06/21 12:37:58 pm GMT+3","","","tamwambene@bot.go.tz","0783553792","Bank of Tanzania","1000+","Banking","Extremely concerned","In-house CERT","Has grown/ increased in the last year","Security education, training and awareness","3","6","6","6","6","6","Don't know","Specialized news sources","Only if there is a problem","No","No","No","No","No","","","USD 10,000+","","","","Tuntufye Mwambene"
"2017/06/21 12:39:11 pm GMT+3","","","","","","101 - 500","Government","Moderately concerned","In-house by someone who is in charge of (security) policies on behalf of the organisation, e.g., a sysadmin?","Has not changed since last year","Economic interests(financial gain)","5","6","6","6","4","6","Penetration testing;Audits","Specialized news sources;Consulting companies;Outsourced services","Yearly","Yes","Yes","No","No","No","","","USD 10,000+","","","",""
"2017/06/21 12:46:14 pm GMT+3","","","tamwambene@bot.go.tz","0783553792","Bank of Tanzania","1000+","Banking","Extremely concerned","In-house CERT","Has grown/ increased in the last year","Security education, training and awareness","3","3","6","6","6","6","Don't know","I do not keep up to date","Only if there is a problem","No","No","No","No","No","","","USD 10,000+","","","","Tuntufye Mwambene"
"2017/06/21 12:53:32 pm GMT+3","","","amumwi@nao.go.tz","0754484030","NAO","1000+","Government","Very concerned","In-house CERT","Has grown/ increased in the last year","Security education, training and awareness","1","2","3","5","4","6","Vulnerability assessments;Audits","Generic newspapers and news broadcaster","Only if there is a problem","No","No","No","No","No","","","Don't know","","","","Alcard Mumwi"
"2017/06/21 12:59:54 pm GMT+3","","","ljaphary@gmail.com","0626927006","BOT","1000+","Government","Extremely concerned","In-house by someone who is in charge of (security) policies on behalf of the organisation, e.g., a sysadmin?","Has grown/ increased in the last year","Technology","6","6","4","6","4","6","Vulnerability assessments;Audits","Generic newspapers and news broadcaster;Specialized news sources","Yearly","Yes","Yes","No","No","No","Loss of money;Down time;Inconvenience;Loss of reputation","Reported to the police, who followed it through to successful prosecution","Don't know","","","","Luphingo Japhary"
"2017/06/21 1:02:55 pm GMT+3","","","stephen.goyayi@wct.go.tz","0789292024","WCF","21 - 100","Government","Extremely concerned","In-house by someone who is in charge of (security) policies on behalf of the organisation, e.g., a sysadmin?","Has grown/ increased in the last year","Economic interests(financial gain)","4","4","5","6","6","5","Penetration testing","Generic newspapers and news broadcaster;Specialized news sources;Social media network contacts","Yearly","Yes","No","No","No","No","No effect","Didn’t know how to report to the police","USD 5,001 - 10,000","","","","Stephen Goyayi"
"2017/06/21 1:06:43 pm GMT+3","","","Shameerd@sanlamlifeinsurance.co.tz","0715739699","Sanlam Life  Insurance (T) Ltd","101 - 500","Insurance","Very concerned","I manage my own cyber security","Has grown/ increased in the last year","Security education, training and awareness","6","6","6","6","6","6","Vulnerability assessments","Social media network contacts","Only if there is a problem","No","No","Yes","No","No","","","USD 1,001 - 5,000","","","","Shameer Doshi"
"2017/06/21 1:17:49 pm GMT+3","","","Leswigo@bot.go.tz","0717198880","Bank of Tanzania","1000+","Banking","Extremely concerned","In-house by someone who is in charge of (security) policies on behalf of the organisation, e.g., a sysadmin?","Has grown/ increased in the last year","Technology;Security education, training and awareness","5","6","6","6","6","6","Penetration testing;Vulnerability assessments;Audits","Generic newspapers and news broadcaster;Specialized news sources;Social media network contacts","Yearly","Yes","Yes","No","No","No","No effect","","USD 10,000+","","","","Leonard Swigo"
"2017/06/21 1:27:30 pm GMT+3","","","eprwezaura@bot.go.tz","0655642366","Bank of Tanzania","1000+","Banking","Extremely concerned","In-house by someone who is in charge of (security) policies on behalf of the organisation, e.g., a sysadmin?","Has grown/ increased in the last year","Lack of integrity (corruption)","6","2","3","1","4","5","Vulnerability assessments;Audits","Specialized news sources","Only if there is a problem","Yes","Yes","No","No","No","","","USD 10,000+","","","","Elpidius Rwezaura"
"2017/06/21 1:32:20 pm GMT+3","","","lijochan@eximbank.co.tz","0787200071","Exim Bank","501 - 1000","Banking","Extremely concerned","In-house by someone who is in charge of (security) policies on behalf of the organisation, e.g., a sysadmin?","Has grown/ increased in the last year","Security education, training and awareness;Lack of integrity (corruption);Economic interests(financial gain)","6","6","6","6","6","6","Penetration testing;Vulnerability assessments;Audits","Specialized news sources;Outsourced services","Yearly","Yes","No","No","No","Personal capacity","Inconvenience","Did not report to the police","USD 10,000+","","","","Lijocha Nalitolela"
"2017/06/21 11:16:30 pm GMT+3","","","gustave.mphusu@gmail.com","0763210635","Barclays Bank","501 - 1000","Banking","Extremely concerned","In-house CERT","Has grown/ increased in the last year","Technology;Security education, training and awareness;Economic interests(financial gain)","4","4","6","5","5","6","Penetration testing;Vulnerability assessments;Audits","Specialized news sources","Weekly","No","No","No","Yes","No","","","Don't know","","","","Gustav Mphusu"
"2017/06/21 11:25:10 pm GMT+3","","","makundirence2006@yahoo.com","0673710427","Tanzania Postal Bank (TPB)","501 - 1000","Banking","Very concerned","In-house by someone who is in charge of (security) policies on behalf of the organisation, e.g., a sysadmin?","Not much of an issue","Security education, training and awareness","2","3","4","6","6","6","Penetration testing;Vulnerability assessments;Audits","I do not keep up to date","Only if there is a problem","No","Yes","No","Yes","No","Inconvenience","Reported to the police with no further action","USD 1,001 - 5,000","","","","Florence Fabian"
"2017/06/21 11:29:38 pm GMT+3","","","bliwali12@gmail.com","0712033606","UTT","21 - 100","Government","Very concerned","In-house by someone who is in charge of (security) policies on behalf of the organisation, e.g., a sysadmin?","Has grown/ increased in the last year","Technology;Lack of integrity (corruption);Economic interests(financial gain)","5","6","5","6","5","6","Vulnerability assessments;Audits","I do not keep up to date","Monthly","Yes","Yes","No","No","Through work","Down time","Did not report to the police","USD 1,001 - 5,000","","","","Bakari Liwali"
"2017/06/21 11:33:46 pm GMT+3","","","gody.shirima@gmail.com","0717070894","KCB Bank (T)","101 - 500","Banking","Very concerned","In-house by someone who is in charge of (security) policies on behalf of the organisation, e.g., a sysadmin?","Has grown/ increased in the last year","Security education, training and awareness","2","2","1","2","2","3","Penetration testing","I do not keep up to date","Only if there is a problem","No","No","No","No","No","No effect","Didn’t know how to report to the police","Don't know","","","","Godfrey Shirima"
"2017/06/21 11:38:00 pm GMT+3","","","cosdelim@yahoo.co.uk","0717108000","Tanzania Revenue Authority (TRA)","1000+","Government","Very concerned","In-house by someone who is in charge of (security) policies on behalf of the organisation, e.g., a sysadmin?","Has grown/ increased in the last year","Technology;Security education, training and awareness;Economic interests(financial gain)","3","2","6","5","4","6","Penetration testing;Vulnerability assessments;Audits","Generic newspapers and news broadcaster;Specialized news sources;Consulting companies;Outsourced services;Social media network contacts","Only if there is a problem","No","No","Yes","No","No","","","Don't know","","","","Constantine L. Lyimo"
"2017/06/21 11:42:04 pm GMT+3","","","johnrwehumbiza@gmail.com","0754710512","Tanzania Revenue Authority","1000+","Government","Extremely concerned","In-house by someone who is in charge of (security) policies on behalf of the organisation, e.g., a sysadmin?","Has not changed since last year","Technology;Security education, training and awareness;Lack of integrity (corruption)","3","2","6","2","6","5","Penetration testing;Vulnerability assessments;Audits","Social media network contacts","Yearly","No","No","No","No","Through work","Down time;Inconvenience;Loss of reputation","Did not report to the police","USD 10,000+","","","","John Cosmaz"
"2017/06/21 11:46:37 pm GMT+3","","","angelsemiono@gmail.com","0754504782","TIB Corporate Bank Ltd","101 - 500","Banking","Moderately concerned","In-house by someone who is in charge of (security) policies on behalf of the organisation, e.g., a sysadmin?","Has grown/ increased in the last year","Technology;Security education, training and awareness;Lack of integrity (corruption)","4","4","5","5","5","6","Penetration testing","Generic newspapers and news broadcaster;Specialized news sources;Social media network contacts","Monthly","No","Yes","Yes","No","No","","","USD 1,001 - 5,000","","","","Angelina Semiono"
"2017/06/21 11:50:11 pm GMT+3","","","Lonu.Feruz@tanesco.co.tz","0783216369","Tanesco","1000+","Government","Very concerned","In-house CERT","Has grown/ increased in the last year","Security education, training and awareness","3","2","3","1","1","1","Penetration testing;Vulnerability assessments","Social media network contacts","Yearly","Yes","No","Yes","No","No","","","USD 1,001 - 5,000","","","","Lonu Feruz"
"2017/06/21 11:53:40 pm GMT+3","","","nyangejohn@gmail.com","0767819466","CRDB Bank PLC","1000+","Financial Services","Moderately concerned","In-house by someone who is in charge of (security) policies on behalf of the organisation, e.g., a sysadmin?","Has grown/ increased in the last year","Technology;Security education, training and awareness;Economic interests(financial gain)","6","4","6","6","4","6","Penetration testing","Specialized news sources;Consulting companies;Outsourced services","Monthly","Yes","Yes","No","No","No","","","Don't know","","","","John R. Nyange"
"2017/06/21 11:57:03 pm GMT+3","","","","0713510394","CRDB Bank Plc","1000+","Banking","Extremely concerned","In-house by someone who is in charge of (security) policies on behalf of the organisation, e.g., a sysadmin?","Has grown/ increased in the last year","Technology;Security education, training and awareness;Economic interests(financial gain)","2","6","6","6","6","6","Penetration testing;Vulnerability assessments;Audits","Generic newspapers and news broadcaster;Specialized news sources;Consulting companies","Monthly","No","Yes","Yes","No","No","","","Don't know","","","","Gadi Pori"
"2017/06/22 12:00:44 am GMT+3","","","ekabwogi@yahoo.com","0786301332","National Housing Corporation (NHC)","501 - 1000","Government","Moderately concerned","In-house by someone who is in charge of (security) policies on behalf of the organisation, e.g., a sysadmin?","Has grown/ increased in the last year","Security education, training and awareness","6","6","6","6","6","6","Audits","Generic newspapers and news broadcaster;Specialized news sources;Social media network contacts","Only if there is a problem","Yes","No","Yes","No","No","","","Don't know","","","","Emson C. Kabwogi"
"2017/06/22 9:41:13 am GMT+3","","","michael.laisser@nmbtz.com","0764000123","NMB","1000+","Banking","Extremely concerned","In-house by someone who is in charge of (security) policies on behalf of the organisation, e.g., a sysadmin?","Has grown/ increased in the last year","Security education, training and awareness","4","4","4","6","5","6","Penetration testing;Vulnerability assessments","Consulting companies","Monthly","Yes","Yes","No","Yes","Personal capacity","Loss of money","Did not report to the police","USD 10,000+","","","","Michael Laisser"
"2017/06/22 4:14:04 pm GMT+3","","","mgmbowe@bot.go.tz","0713300000","BOT","1000+","Banking","Very concerned","In-house by someone who is in charge of (security) policies on behalf of the organisation, e.g., a sysadmin?","Has grown/ increased in the last year","Economic interests(financial gain)","3","6","4","6","5","6","Audits","Generic newspapers and news broadcaster;Specialized news sources;Social media network contacts","Never","Yes","Yes","No","No","Personal capacity","Loss of money","Did not report to the police","USD 10,000+","","","","Maureen Mbowe-Jiliwa"
"2017/06/22 5:01:49 pm GMT+3","","","rugejames@yahoo.com","0718282943","TRA","1000+","Government","Very concerned","In-house CERT","Has grown/ increased in the last year","Security education, training and awareness","3","4","6","6","4","6","Audits","Generic newspapers and news broadcaster","Never","Yes","No","Yes","Yes","Personal capacity","Down time","Reported to the police, who contacted me/my organisation but no further action took place","USD 1 - 1,000","","","","James Sangi"
"2017/06/22 5:05:25 pm GMT+3","","","jamesn@eximbank.co.tz","0715767028","Exim Bank Tanzania Limited","101 - 500","Financial Services","Moderately concerned","Outsourced to an independent specialist or organisation","Has grown/ increased in the last year","Security education, training and awareness","6","6","6","6","6","6","Penetration testing","Specialized news sources","Monthly","Yes","No","Yes","Yes","Personal capacity;Through work","No effect","Reported to the police, who followed it through to successful prosecution","USD 5,001 - 10,000","","","","James Ndetiko"
"2017/06/22 5:08:52 pm GMT+3","","","cchanjarika@utt-tz.org, clemechan@yahoo.com","0713553818","UTT-AMIS","21 - 100","Government","Very concerned","In-house by someone who is in charge of (security) policies on behalf of the organisation, e.g., a sysadmin?","Has grown/ increased in the last year","Technology;Security education, training and awareness","1","1","6","6","6","6","Penetration testing;Audits","I do not keep up to date","Only if there is a problem","No","No","No","No","Personal capacity","Down time","Didn’t know how to report to the police","Don't know","","","","Clement Chanjarika"
"2017/06/27 9:27:20 am GMT+3","","","simbae.fo.tz","0784-334688","Ewura","101 - 500","Government","Moderately concerned","In-house by someone who is in charge of (security) policies on behalf of the organisation, e.g., a sysadmin?","Has grown/ increased in the last year","Economic interests(financial gain)","3","4","3","5","5","5","Penetration testing;Vulnerability assessments","Generic newspapers and news broadcaster;Specialized news sources","Yearly","Yes","Yes","Yes","No","Through work","Down time;Inconvenience","Did not report to the police","USD 10,000+","","","","Micemwa Simba"
"2017/06/27 9:46:48 am GMT+3","","","mathias.msobi@tabd.co.tz","+255786670746","TANZANIA AGRICULTURAL DEV.BANK(TABD)","21 - 100","Banking","Very concerned","In-house by someone who is in charge of (security) policies on behalf of the organisation, e.g., a sysadmin?","Has grown/ increased in the last year","Technology","4","5","6","5","3","6","Penetration testing;Vulnerability assessments;Audits","Specialized news sources;Social media network contacts","Yearly","No","Yes","Yes","No","No","","","Don't know","","","",""
"2017/06/27 9:58:05 am GMT+3","","","edgar.kione@crdbbank.com","0745026188","CRDB - BANK PLC","1000+","Banking","Very concerned","In-house by someone who is in charge of (security) policies on behalf of the organisation, e.g., a sysadmin?","Has grown/ increased in the last year","Security education, training and awareness","5","4","1","2","3","6","Audits","Generic newspapers and news broadcaster;Specialized news sources;Consulting companies","Yearly","No","No","No","No","No","","","Don't know","","","",""
"2017/06/27 10:07:16 am GMT+3","","","peter.lyiuo@tcra.go.tz","0784668177","TCRA","101 - 500","Government","Extremely concerned","In-house CERT","Has not changed since last year","Technology;Security education, training and awareness","5","3","5","5","5","4","Penetration testing;Vulnerability assessments;Audits","Specialized news sources","Monthly","No","No","Yes","Yes","No","","","Don't know","","","",""
"2017/06/27 10:16:00 am GMT+3","","","mshazahidaya@yahoo.com","+255715236614","NATIONAL AUDIT OFFICE","1000+","Government","Very concerned","Don’t know","Has grown/ increased in the last year","Technology","6","6","6","5","5","6","Audits","I do not keep up to date","Only if there is a problem","Yes","No","No","No","No","","","Don't know","","","",""
"2017/06/27 10:28:51 am GMT+3","","","albinuskeryz@yahoo.com","0758869500","TRA","1000+","Government","Very concerned","In-house by someone who is in charge of (security) policies on behalf of the organisation, e.g., a sysadmin?","Has grown/ increased in the last year","Security education, training and awareness","5","6","5","6","6","6","Vulnerability assessments","Specialized news sources","Weekly","Yes","Yes","No","No","No","","","Don't know","","","",""
"2017/06/27 10:41:51 am GMT+3","","","smlosindilo@bot.go.tz","0762373257","BANK OF TANZANIA","1000+","Government","Very concerned","In-house by someone who is in charge of (security) policies on behalf of the organisation, e.g., a sysadmin?","Has grown/ increased in the last year","Security education, training and awareness","3","6","6","6","5","6","Vulnerability assessments","I do not keep up to date","Yearly","No","Yes","No","Yes","No","No effect","Did not report to the police","Don't know","","","",""
"2017/06/27 10:50:34 am GMT+3","","","tnamwenje@trango.tz","0782114568","TANZANIA REVENUE AUTHORITY","1000+","Government","Very concerned","Don’t know","Has grown/ increased in the last year","Security education, training and awareness","3","2","5","1","6","6","Don't know","Specialized news sources","Monthly","Yes","Yes","Yes","Yes","No","No effect","Did not report to the police","Don't know","","","",""
"2017/06/27 10:59:28 am GMT+3","","","boniface.kanemba@gmail.com","0754274491","NSSF (PAST ISACA PRESIDENT - TZ)","1000+","Government","Extremely concerned","In-house by someone who is in charge of (security) policies on behalf of the organisation, e.g., a sysadmin?","Has grown/ increased in the last year","Security education, training and awareness","","","","","","","Vulnerability assessments","I do not keep up to date","Never","No","No","Yes","No","Personal capacity","Loss of money","Reported to the police with no further action","Don't know","","","",""
"2017/06/27 11:09:24 am GMT+3","","","bernard.amri@gmail.com","+255(0)754462655","e - Government Agency","21 - 100","Government","Extremely concerned","In-house by someone who is in charge of (security) policies on behalf of the organisation, e.g., a sysadmin?","Has grown/ increased in the last year","Security education, training and awareness","5","3","5","6","3","6","Penetration testing;Vulnerability assessments;Audits","Specialized news sources","Monthly","Yes","No","No","No","Personal capacity","Psychologically harmful;Loss of reputation","Didn’t know how to report to the police","Don't know","","","",""
"2017/06/27 11:15:01 am GMT+3","","","karimsele@yahoo.co.uk","0712144067","NATIONAL AUDIT OFFICE","1000+","Government","Moderately concerned","In-house by someone who is in charge of (security) policies on behalf of the organisation, e.g., a sysadmin?","Has grown/ increased in the last year","Security education, training and awareness","3","4","6","2","6","6","Audits","Generic newspapers and news broadcaster;Specialized news sources","Only if there is a problem","Yes","No","No","No","No","","","Don't know","","","",""
"2017/06/27 11:26:16 am GMT+3","","","skasonta@yahoo.com, salum.y.kasonta@tz.ey.com","0742116666, 0755655515","ERNS & YOUNG","101 - 500","Financial Services","Extremely concerned","In-house CERT","Has not changed since last year","Security education, training and awareness","5","6","5","4","5","5","Vulnerability assessments","Consulting companies","Yearly","No","Yes","Yes","Yes","No","No effect","Reported to the police, who followed it through to successful prosecution","USD 10,000+","","","",""
"2017/06/30 11:16:24 pm GMT+3","","Philipo Moses","flipmose@yahoo.com","+255712806929","SUMATRA","101 - 500","Government","Very concerned","In-house by someone who is in charge of (security) policies on behalf of the organisation, e.g., a sysadmin?","Has grown/ increased in the last year","Security education, training and awareness","6","6","6","6","6","6","Audits","Specialized news sources","Yearly","Yes","No","No","No","No","","","USD 1,001 - 5,000","","","",""
"2017/07/05 5:15:14 pm GMT+3","","Zaakir Siddik","siddik.zaakir@gmail.com","+255713266051","African Risk and Insurance Services Ltd","21 - 100","Insurance","Very concerned","I manage my own cyber security","Not much of an issue","Security education, training and awareness","4","5","5","4","4","5","Audits","Generic newspapers and news broadcaster;Specialized news sources;Social media network contacts","Only if there is a problem","No","No","No","No","No","","","USD 1 - 1,000","","","",""
"2017/07/05 5:18:19 pm GMT+3","","Waziri Shabani","mankipe@ymail.com","","National Audit Office","501 - 1000","Government","Very concerned","In-house by someone who is in charge of (security) policies on behalf of the organisation, e.g., a sysadmin?","Has grown/ increased in the last year","Technology;Security education, training and awareness;Lack of integrity (corruption)","5","6","6","6","6","6","Audits","I do not keep up to date","Only if there is a problem","No","No","No","No","No","No effect","","Don't know","","","",""
"2017/07/05 5:27:25 pm GMT+3","","Dr. Job A Chaula","jobchaula@gmail.com","0753107987","Ardhi University","501 - 1000","Academia","Very concerned","In-house by someone who is in charge of (security) policies on behalf of the organisation, e.g., a sysadmin?","Has grown/ increased in the last year","Security education, training and awareness;Lack of integrity (corruption)","6","5","6","6","6","6","Penetration testing;Vulnerability assessments","Specialized news sources","Yearly","Yes","No","Yes","Yes","Personal capacity","","","USD 1,001 - 5,000","","","",""
"2017/07/05 5:32:22 pm GMT+3","","Mohamed Nyasama","mnyasama@yahoo.com","0786492157","SSRA","21 - 100","Government","Very concerned","In-house by someone who is in charge of (security) policies on behalf of the organisation, e.g., a sysadmin?","Has not changed since last year","Lack of integrity (corruption)","4","4","5","6","5","6","Penetration testing;Vulnerability assessments;Audits","Social media network contacts","Yearly","Yes","Yes","No","No","No","","","Don't know","","","",""
"2017/07/05 5:39:44 pm GMT+3","","NAZARIUS CHONYA","nazarius.chonya@tra.go.tz","0715237761","TRA","1000+","Government","Extremely concerned","In-house CERT","Has grown/ increased in the last year","Technology;Security education, training and awareness;Lack of integrity (corruption)","6","5","4","6","6","6","Penetration testing;Vulnerability assessments;Audits","Generic newspapers and news broadcaster;Specialized news sources","Monthly","No","No","No","No","No","","","Don't know","","","",""
"2017/07/05 5:42:29 pm GMT+3","","PINDU EMMANUEL LUHOYO","pindu.luhoyo@nmbtz.com","0767210350","NMB","1000+","Banking","Very concerned","In-house by someone who is in charge of (security) policies on behalf of the organisation, e.g., a sysadmin?","Has grown/ increased in the last year","Technology","3","4","6","5","5","5","Vulnerability assessments","Generic newspapers and news broadcaster;Specialized news sources;Consulting companies","Monthly","Yes","Yes","Yes","Yes","No","No effect","","Don't know","","","",""
"2017/07/05 5:45:18 pm GMT+3","","Kamabarawe Changas","kchangas2010@gmail.com","0713465892","TRA","1000+","Government","Extremely concerned","In-house by someone who is in charge of (security) policies on behalf of the organisation, e.g., a sysadmin?","Has grown/ increased in the last year","Technology","1","5","6","6","6","6","Don't know","Generic newspapers and news broadcaster;Consulting companies","Weekly","Yes","No","No","Yes","Personal capacity","Down time;Inconvenience","Did not report to the police","USD 5,001 - 10,000","","","",""
"2017/07/05 5:48:06 pm GMT+3","","Dickson Nyakiha","dnyakiha@hotmail.com","0754710048","FNB Ltd","101 - 500","Banking","Extremely concerned","In-house by someone who is in charge of (security) policies on behalf of the organisation, e.g., a sysadmin?","Has grown/ increased in the last year","Security education, training and awareness","6","4","4","4","4","4","Penetration testing;Vulnerability assessments;Audits","Generic newspapers and news broadcaster;Specialized news sources;Consulting companies;Social media network contacts","Yearly","Yes","Yes","No","No","Through work","Loss of money;Down time;Inconvenience;Loss of reputation","Reported to the police, who followed it through to successful prosecution","USD 10,000+","","","",""
"2017/07/05 5:51:45 pm GMT+3","","Laurent K. Masanja","lkmasanja02@yahoo.co.uk","0754438556","Kulama Consultants","1 - 5","Professional Services","Moderately concerned","By the Internet Service Provider","Not much of an issue","Technology;Security education, training and awareness;Lack of integrity (corruption)","6","2","4","3","5","1","Don't know","Outsourced services","Only if there is a problem","No","No","No","No","Through work","Down time","Did not report to the police","USD 0","","","",""
"2017/07/05 5:54:36 pm GMT+3","","Wenzeslaus Nyalusi","wnyalusi@gmail.com","0717216510","NAOT","501 - 1000","Government","Moderately concerned","Don’t know","Not much of an issue","Economic interests(financial gain)","3","3","6","6","6","6","Don't know","I do not keep up to date","Only if there is a problem","Yes","Yes","No","No","No","","","Don't know","","","",""
"2017/07/05 5:56:58 pm GMT+3","","Taty G. Emmanuel","taty_e@hotmail.com","0787371256","NMB","1000+","Banking","Extremely concerned","In-house by someone who is in charge of (security) policies on behalf of the organisation, e.g., a sysadmin?","Has grown/ increased in the last year","Lack of integrity (corruption)","6","6","6","6","6","6","Penetration testing;Vulnerability assessments;Audits","Generic newspapers and news broadcaster","Yearly","Yes","Yes","No","No","No","","","USD 10,000+","","","",""
"2017/07/05 5:59:21 pm GMT+3","","","tumaini.rafael@gmail.com","","","101 - 500","Private Sector","Extremely concerned","In-house by someone who is in charge of (security) policies on behalf of the organisation, e.g., a sysadmin?","Has grown/ increased in the last year","Technology;Security education, training and awareness;Lack of integrity (corruption)","6","6","6","6","6","6","Penetration testing;Vulnerability assessments;Audits","Generic newspapers and news broadcaster;Specialized news sources;Social media network contacts","Yearly","Yes","Yes","Yes","Yes","No","","","USD 5,001 - 10,000","","","",""
"2017/07/05 6:02:07 pm GMT+3","","Francis","Kaggi","francis.kaggi@tanesco.co.tz","TANESCO","1000+","Government","Very concerned","In-house by someone who is in charge of (security) policies on behalf of the organisation, e.g., a sysadmin?","Has grown/ increased in the last year","Technology","5","5","6","6","5","5","Audits","I do not keep up to date","Only if there is a problem","No","Yes","No","No","No","No effect","","Don't know","","","",""
"2017/07/05 6:04:41 pm GMT+3","","Janeth Jonathan","jonathan.janeth@gmail.com","0714476765","","101 - 500","Banking","Moderately concerned","In-house by someone who is in charge of (security) policies on behalf of the organisation, e.g., a sysadmin?","Has grown/ increased in the last year","Security education, training and awareness","1","2","1","1","1","1","Audits","Generic newspapers and news broadcaster","Yearly","Yes","No","Yes","No","No","","","USD 0","","","",""
"2017/10/10 2:33:53 pm GMT+3","","","","","","501 - 1000","Academia","Very concerned","In-house CERT","Has not changed since last year","Security education, training and awareness","5","6","5","6","5","6","Vulnerability assessments;Audits","Specialized news sources;Social media network contacts","Yearly","Yes","No","No","No","No","","","USD 5,001 - 10,000","5","5","5",""
"2017/10/11 8:32:07 am GMT+3","","Christopher Chuwa","Chuwa.c@gmail.com","+255756667588","Commercial Bank of Africa","101 - 500","Banking","Very concerned","In-house by someone who is in charge of (security) policies on behalf of the organisation, e.g., a sysadmin?","Has grown/ increased in the last year","Security education, training and awareness;Lack of integrity (corruption);Economic interests(financial gain)","4","5","4","6","5","4","Penetration testing;Vulnerability assessments;Audits","Generic newspapers and news broadcaster;Consulting companies;Outsourced services;Social media network contacts","Yearly","Yes","No","Yes","No","Through work","Loss of money;Down time;Inconvenience;Loss of reputation","Reported to the police with no further action","USD 5,001 - 10,000","6","4","5",""
"2017/10/11 3:02:22 pm GMT+3","","waziri shabani","mankipe@ymail.com","+255685112689","National Audit Office","501 - 1000","Government","Extremely concerned","In-house by someone who is in charge of (security) policies on behalf of the organisation, e.g., a sysadmin?","Has grown/ increased in the last year","Technology","5","5","5","6","6","6","Audits","I do not keep up to date","Never","No","No","Yes","No","No","No effect","","Don't know","6","5","6",""
"2017/10/12 12:39:05 pm GMT+3","","Mwinyiusi","Mhamza@fnb.co.tz","+255782140270","Fnb Tanzania","101 - 500","Banking","Extremely concerned","In-house by someone who is in charge of (security) policies on behalf of the organisation, e.g., a sysadmin?","Has grown/ increased in the last year","Technology;Security education, training and awareness;Lack of integrity (corruption);Economic interests(financial gain);Business competition (sabotage, IP theft)","3","3","3","3","3","3","Vulnerability assessments;Audits","Generic newspapers and news broadcaster;Specialized news sources","Weekly","No","Yes","No","Yes","No","No effect","Reported to the police with no further action","Don't know","3","3","3",""
"2017/10/14 6:08:28 pm GMT+3","","LEONARD KITOMARI","","","","6 - 20","Telecommunication","Moderately concerned","I manage my own cyber security","Has grown/ increased in the last year","Security education, training and awareness;Economic interests(financial gain);Business competition (sabotage, IP theft)","1","1","1","1","1","1","Don't know","I do not keep up to date","Never","Yes","No","No","No","No","No effect","","Don't know","1","4","1",""
"2017/10/16 12:44:43 pm GMT+3","","Deogratias O. Makella","deosmund@yahoo.co.uk","+255 755 456 367","Planning Commission","21 - 100","Government","Moderately concerned","I manage my own cyber security","Has grown/ increased in the last year","Security education, training and awareness;Lack of integrity (corruption);Economic interests(financial gain)","6","6","6","6","6","6","Vulnerability assessments;Audits","Specialized news sources","Only if there is a problem","No","No","No","No","Personal capacity","Inconvenience;Psychologically harmful","Did not report to the police","USD 1,001 - 5,000","6","5","5",""
"2017/10/16 3:49:41 pm GMT+3","","Edmond Azaza","edazaza@gmail.com","0763979604","","1 - 5","Professional Services","Extremely concerned","I manage my own cyber security","Not much of an issue","Technology;Security education, training and awareness;Lack of integrity (corruption)","3","3","3","3","3","3","Penetration testing;Vulnerability assessments","Generic newspapers and news broadcaster;Specialized news sources","Only if there is a problem","Yes","No","No","No","Personal capacity;Through work","Down time;Inconvenience","Did not report to the police","USD 0","3","3","3",""
"2017/10/17 12:36:15 am GMT+3","","Lijocha Nalitolela","lijochan@eximbank.co.tz","+255787200071","Exim Bank","501 - 1000","Banking","Extremely concerned","In-house by someone who is in charge of (security) policies on behalf of the organisation, e.g., a sysadmin?","Has grown/ increased in the last year","Security education, training and awareness;Lack of integrity (corruption);Economic interests(financial gain)","4","5","6","6","5","6","Penetration testing;Vulnerability assessments;Audits","Generic newspapers and news broadcaster;Specialized news sources","Yearly","No","No","Yes","No","Personal capacity;Through work","Down time;Inconvenience","Did not report to the police","USD 10,000+","6","6","5",""
"2017/10/18 9:10:10 am GMT+3","","Eginald P Mihanjo ","Eginaldm@gmail.com ","+255 755 349103 ","Eckenforde Tanga University ","21 - 100","Academia","Slightly concerned","By the Internet Service Provider","Has grown/ increased in the last year","Security education, training and awareness;Lack of integrity (corruption);Economic interests(financial gain);Business competition (sabotage, IP theft)","1","2","2","6","2","4","Don't know","I do not keep up to date","Never","No","No","No","No","Personal capacity","Loss of money;Inconvenience;Psychologically harmful;Loss of reputation","Reported to the police with no further action","USD 1 - 1,000","6","2","3",""
"2017/10/21 8:58:46 am GMT+3","","Ntuli Mwammenywa","ntuli2008@gmail.com","+255717782736","National Audit Office","6 - 20","Government","Very concerned","I manage my own cyber security","Has grown/ increased in the last year","Security education, training and awareness","1","5","2","6","3","4","Audits","I do not keep up to date","Never","Yes","No","No","No","Personal capacity","Loss of money","Reported to the police with no further action","Don't know","4","3","6",""
"2017/10/21 9:03:02 am GMT+3","","Amos Abnery Nzaga","anzaga@kpmg.com","+255723752","KPMG","101 - 500","Professional Services","Extremely concerned","In-house by someone who is in charge of (security) policies on behalf of the organisation, e.g., a sysadmin?","Has grown/ increased in the last year","Technology;Security education, training and awareness;Lack of integrity (corruption)","6","6","6","6","6","6","Penetration testing;Vulnerability assessments;Audits","Specialized news sources","Monthly","Yes","Yes","Yes","Yes","No","No effect","","Don't know","6","6","6",""
"2017/10/21 9:47:55 am GMT+3","","","","","","101 - 500","Banking","Extremely concerned","In-house by someone who is in charge of (security) policies on behalf of the organisation, e.g., a sysadmin?","Has grown/ increased in the last year","Technology;Security education, training and awareness;Lack of integrity (corruption);Economic interests(financial gain);Business competition (sabotage, IP theft)","5","4","4","4","5","6","Penetration testing;Vulnerability assessments;Audits","Generic newspapers and news broadcaster;Specialized news sources;Social media network contacts","Monthly","No","Yes","No","No","Through work","Loss of money;Down time;Inconvenience;Loss of reputation","Did not report to the police","USD 1,001 - 5,000","6","5","6",""
"2017/10/21 9:50:17 am GMT+3","","","","","","101 - 500","Insurance","Not at all concerned","Don’t know","Has grown/ increased in the last year","Technology;Security education, training and awareness;Lack of integrity (corruption);Business competition (sabotage, IP theft)","3","4","5","5","5","6","Don't know","I do not keep up to date","Monthly","Yes","Yes","No","No","No","No effect","","Don't know","","","",""
"2017/10/21 9:53:17 am GMT+3","","Halfani S Kiviluga","kivuluga@gmail.com","+255712484279","Ministry of Internal Affairs","21 - 100","Telecommunication","Moderately concerned","In-house by someone who is in charge of (security) policies on behalf of the organisation, e.g., a sysadmin?","Has not changed since last year","Technology;Security education, training and awareness;Business competition (sabotage, IP theft)","6","5","3","1","4","2","Penetration testing","I do not keep up to date","Yearly","No","Yes","Yes","Yes","No","Loss of money;Down time;Psychologically harmful","Reported to the police, who followed it through but no prosecution took place","USD 1 - 1,000","1","3","2",""
"2017/10/21 9:57:16 am GMT+3","","Nazarius P. Chonya","nazarius.chonya@tra.go.tz","+255784423776","Tanzania Revenue Authority","1000+","Government","Extremely concerned","In-house CERT","Has grown/ increased in the last year","Security education, training and awareness;Lack of integrity (corruption);Economic interests(financial gain)","5","6","6","5","4","6","Penetration testing;Vulnerability assessments;Audits","Specialized news sources","Monthly","Yes","Yes","No","No","No","","","Don't know","6","5","6",""
"2017/10/21 10:00:03 am GMT+3","","Kenneth Batanyita","kenneth.batanyita@ssra.go.tz","+255717282778","SSRA","101 - 500","Government","Very concerned","In-house by someone who is in charge of (security) policies on behalf of the organisation, e.g., a sysadmin?","Has grown/ increased in the last year","Security education, training and awareness","5","5","4","6","4","6","Penetration testing;Audits","Generic newspapers and news broadcaster;Specialized news sources","Monthly","Yes","Yes","No","No","No","Down time;Inconvenience","Did not report to the police","USD 1,001 - 5,000","6","5","5",""
"2017/10/21 10:02:51 am GMT+3","","John Constatine","johnconstantine3@gmail.com","","Ministry of Internal Affairs","21 - 100","Government","Extremely concerned","In-house by someone who is in charge of (security) policies on behalf of the organisation, e.g., a sysadmin?","Has grown/ increased in the last year","Security education, training and awareness","2","2","3","1","1","1","Audits","I do not keep up to date","Yearly","No","Yes","Yes","Yes","No","No effect","Reported to the police with no further action","Don't know","1","1","1",""
"2017/10/21 10:06:19 am GMT+3","","Joseph C.","joechigo777@yahoo.com","+255719214151","Government","21 - 100","Government","Extremely concerned","In-house by someone who is in charge of (security) policies on behalf of the organisation, e.g., a sysadmin?","Has grown/ increased in the last year","Technology;Security education, training and awareness;Economic interests(financial gain)","6","6","6","6","6","6","Vulnerability assessments","Generic newspapers and news broadcaster;Specialized news sources","Monthly","No","No","Yes","Yes","No","Down time;Inconvenience;Psychologically harmful","Reported to the police, who followed it through but no prosecution took place","USD 10,000+","6","6","6",""
"2017/10/21 10:09:22 am GMT+3","","Asifiwe Makawa","ajmakawa@gmail.com","+255687960188","Ifakara Health Institute","101 - 500","Private Sector","Moderately concerned","In-house by someone who is in charge of (security) policies on behalf of the organisation, e.g., a sysadmin?","Has grown/ increased in the last year","Technology;Lack of integrity (corruption);Business competition (sabotage, IP theft)","4","6","6","6","4","6","Penetration testing;Vulnerability assessments;Audits","Generic newspapers and news broadcaster;Specialized news sources;Consulting companies","Monthly","Yes","Yes","Yes","Yes","No","","","USD 1,001 - 5,000","6","4","5",""
"2017/10/21 10:11:55 am GMT+3","","Faustine Nyangira","fnyangira@gmail.com","+255759104252","CRDB bank","1000+","Banking","Extremely concerned","In-house by someone who is in charge of (security) policies on behalf of the organisation, e.g., a sysadmin?","Has grown/ increased in the last year","Security education, training and awareness","5","5","5","6","5","6","Penetration testing;Vulnerability assessments;Audits","Specialized news sources","Yearly","No","Yes","No","Yes","No","","","Don't know","6","5","5",""
"2017/10/21 10:16:27 am GMT+3","","Alfred Minango","alfredminango9@gmail.com","+255784311942","Ministry of Home Affairs","501 - 1000","Government","Very concerned","In-house by someone who is in charge of (security) policies on behalf of the organisation, e.g., a sysadmin?","Has grown/ increased in the last year","Security education, training and awareness","4","5","6","6","5","6","Penetration testing;Vulnerability assessments","Social media network contacts","Monthly","No","No","No","No","No","Inconvenience","Reported to the police, who followed it through but no prosecution took place","USD 1,001 - 5,000","6","","6",""
"2017/10/21 10:25:37 am GMT+3","","G. Monyo","gmonyo05@gmail.com","+255779786071","TTCL","101 - 500","Private Sector","Slightly concerned","In-house by someone who is in charge of (security) policies on behalf of the organisation, e.g., a sysadmin?","Has grown/ increased in the last year","Security education, training and awareness","2","6","6","6","5","6","Audits","Generic newspapers and news broadcaster","Never","Yes","No","No","No","No","","","Don't know","5","2","3",""
"2017/10/21 11:19:43 am GMT+3","","","","","","101 - 500","Professional Services","Extremely concerned","In-house by someone who is in charge of (security) policies on behalf of the organisation, e.g., a sysadmin?","Has grown/ increased in the last year","Technology;Security education, training and awareness;Economic interests(financial gain)","5","5","6","6","6","6","Penetration testing;Vulnerability assessments","Consulting companies","Monthly","No","Yes","No","Yes","No","","","Don't know","6","5","5",""
"2017/10/21 11:24:47 am GMT+3","","Enock Mweta","myenock@hotmail.com","+255787636337","NHIF","501 - 1000","Government","Very concerned","In-house by someone who is in charge of (security) policies on behalf of the organisation, e.g., a sysadmin?","Has grown/ increased in the last year","Lack of integrity (corruption);Economic interests(financial gain)","4","4","5","6","5","6","Penetration testing;Audits","I do not keep up to date","Yearly","Yes","No","No","No","Through work","Loss of money;Loss of reputation","Did not report to the police","USD 1,001 - 5,000","6","5","4",""
"2017/10/21 11:26:37 am GMT+3","","","tym.okafor@gmail.com","","","501 - 1000","Professional Services","Extremely concerned","In-house CERT","Has grown/ increased in the last year","Technology;Security education, training and awareness;Economic interests(financial gain)","6","6","4","6","4","6","Penetration testing;Vulnerability assessments;Audits","Specialized news sources","Yearly","Yes","Yes","No","Yes","No","No effect","","Don't know","6","6","6",""
"2017/10/21 11:30:04 am GMT+3","","","","","","1000+","Government","Extremely concerned","In-house by someone who is in charge of (security) policies on behalf of the organisation, e.g., a sysadmin?","Has grown/ increased in the last year","Technology;Security education, training and awareness;Business competition (sabotage, IP theft)","","","","6","","","Penetration testing;Vulnerability assessments;Audits","I do not keep up to date","Monthly","Yes","Yes","No","No","No","No effect","","USD 10,000+","5","5","6",""
"2017/10/21 11:49:41 am GMT+3","","Innocent Matinya","innomatinya@yahoo.com","+255715740743","TRA","1000+","Government","Moderately concerned","In-house CERT","Has grown/ increased in the last year","Technology;Lack of integrity (corruption);Economic interests(financial gain);Business competition (sabotage, IP theft)","6","6","6","6","6","6","Vulnerability assessments;Audits","Specialized news sources","Monthly","Yes","Yes","No","No","No","No effect","Did not report to the police","Don't know","6","5","5",""
"2017/10/21 12:08:28 pm GMT+3","","Mleleu Omary","mleleuomary@hotmail.com","+255763218018","Akiba Commercial Bank","501 - 1000","Banking","Moderately concerned","In-house by someone who is in charge of (security) policies on behalf of the organisation, e.g., a sysadmin?","Has grown/ increased in the last year","Technology;Security education, training and awareness;Economic interests(financial gain)","6","6","6","6","6","6","Penetration testing;Vulnerability assessments;Audits","Generic newspapers and news broadcaster;Specialized news sources","Yearly","Yes","No","No","No","Through work","Inconvenience;Loss of reputation","Reported to the police with no further action","USD 1 - 1,000","6","6","6",""
"2017/10/21 12:10:36 pm GMT+3","","","","","","1000+","Banking","Extremely concerned","In-house by someone who is in charge of (security) policies on behalf of the organisation, e.g., a sysadmin?","Has grown/ increased in the last year","Security education, training and awareness","1","3","4","6","2","5","Penetration testing;Vulnerability assessments;Audits","Specialized news sources","Yearly","No","No","No","No","Personal capacity","Loss of money;Inconvenience;Psychologically harmful","Reported to the police with no further action","USD 10,000+","6","5","4",""
"2017/10/21 12:15:42 pm GMT+3","","Adam Daphy","adamdaphy@gmail.com","+255712362351","","1000+","Government","Extremely concerned","In-house CERT","Has grown/ increased in the last year","Technology;Security education, training and awareness;Economic interests(financial gain)","2","1","3","6","4","5","Penetration testing;Vulnerability assessments;Audits","Specialized news sources","Yearly","Yes","Yes","No","No","No","","","Don't know","6","4","5",""
"2017/10/21 12:15:43 pm GMT+3","","Adam Daphy","adamdaphy@gmail.com","+255712362351","","1000+","Government","Extremely concerned","In-house CERT","Has grown/ increased in the last year","Technology;Security education, training and awareness;Economic interests(financial gain)","2","1","3","6","4","5","Penetration testing;Vulnerability assessments;Audits","Specialized news sources","Yearly","Yes","Yes","No","No","No","","","Don't know","6","4","5",""
"2017/10/21 12:17:55 pm GMT+3","","","kilamilelr@yahoo.co.uk","","","101 - 500","Professional Services","Extremely concerned","In-house by someone who is in charge of (security) policies on behalf of the organisation, e.g., a sysadmin?","Has not changed since last year","Security education, training and awareness;Economic interests(financial gain);Business competition (sabotage, IP theft)","2","6","5","5","3","6","Penetration testing;Audits","I do not keep up to date","Only if there is a problem","Yes","Yes","No","Yes","Personal capacity","Inconvenience","Did not report to the police","Don't know","5","4","5",""
"2017/10/21 12:19:32 pm GMT+3","","","","","KPMG","1000+","Professional Services","Very concerned","In-house CERT","Has grown/ increased in the last year","Technology;Security education, training and awareness;Economic interests(financial gain)","6","3","4","6","4","6","Penetration testing;Vulnerability assessments;Audits","Specialized news sources;Consulting companies;Outsourced services","Yearly","No","No","Yes","Yes","No","","","USD 10,000+","6","5","5",""
"2017/10/23 8:39:04 am GMT+3","","Miriam Lutale","miriam.lutale@pwc.com","0754501589","PwC Tanzania","101 - 500","Professional Services","Extremely concerned","In-house CERT","Has grown/ increased in the last year","Security education, training and awareness","","6","","6","","6","Penetration testing;Vulnerability assessments;Audits","Generic newspapers and news broadcaster;Specialized news sources;Outsourced services;Social media network contacts","Yearly","Yes","Yes","Yes","Yes","No","","","Don't know","6","6","6",""
"2017/10/24 5:40:43 pm GMT+3","","mwinyiusi hamza","mhamza@fnb.co.tz","+255782140270","fnb tanzania","501 - 1000","Banking","Extremely concerned","In-house CERT","Has grown/ increased in the last year","Technology;Security education, training and awareness;Lack of integrity (corruption);Economic interests(financial gain);Business competition (sabotage, IP theft)","4","5","6","6","6","6","Penetration testing;Vulnerability assessments;Audits","Generic newspapers and news broadcaster;Specialized news sources","Weekly","No","No","No","No","No","No effect","Did not report to the police","Don't know","6","","",""
"2017/10/28 8:15:07 am GMT+3","","Jackinda Jairo","jackinda.jairo@tanzaniaparks.go.tz","0767379972","TANAPA","1000+","Government","Extremely concerned","In-house by someone who is in charge of (security) policies on behalf of the organisation, e.g., a sysadmin?","Has grown/ increased in the last year","Technology;Security education, training and awareness;Lack of integrity (corruption);Economic interests(financial gain)","5","5","6","5","6","6","Penetration testing;Vulnerability assessments;Audits","Consulting companies","Only if there is a problem","No","No","Yes","No","No","Down time;Psychologically harmful","Did not report to the police","USD 1,001 - 5,000","5","3","5",""
"2017/10/28 8:20:39 am GMT+3","","Adam Charles","acharles@mustnet.ac.tz","0762079293","Mbeya University","501 - 1000","Government","Very concerned","In-house by someone who is in charge of (security) policies on behalf of the organisation, e.g., a sysadmin?","Has grown/ increased in the last year","Security education, training and awareness;Economic interests(financial gain);Business competition (sabotage, IP theft)","1","1","2","2","1","1","Audits","Consulting companies","Monthly","Yes","Yes","Yes","No","Through work","Loss of reputation","Reported to the police, who contacted me/my organisation but no further action took place","USD 1 - 1,000","1","1","1",""
"2017/10/28 8:26:11 am GMT+3","","Frank Gama","gama@kashwasa.or.tz","07554900080","KASHWASA","21 - 100","Government","Moderately concerned","I manage my own cyber security","Has grown/ increased in the last year","Security education, training and awareness","2","4","6","6","6","6","Vulnerability assessments","I do not keep up to date","Only if there is a problem","No","Yes","No","No","No","","","USD 1 - 1,000","6","2","6",""
"2017/10/28 8:30:42 am GMT+3","","Lusajo Paight","lusajo.paight@tazarasite.com","0755144822","TAZARA","1000+","Government","Moderately concerned","By the Internet Service Provider","Has grown/ increased in the last year","Technology;Security education, training and awareness;Economic interests(financial gain)","2","2","4","5","3","1","Don't know","I do not keep up to date","Only if there is a problem","Yes","No","No","No","No","No effect","Did not report to the police","Don't know","1","3","2",""
"2017/10/28 8:37:03 am GMT+3","","Nicholaus C. Mfinanga","nicholaus.mfinanga@ports.go.tz","0758840252","Tanzania Ports Authority","1000+","Government","Extremely concerned","I manage my own cyber security","Has grown/ increased in the last year","Technology;Security education, training and awareness","6","5","5","6","4","6","Penetration testing;Vulnerability assessments;Audits","I do not keep up to date","Yearly","Yes","Yes","No","No","Personal capacity","Loss of money;Inconvenience;Psychologically harmful","Reported to the police with no further action","Don't know","6","5","4",""
"2017/10/28 2:22:13 pm GMT+3","","Julius Luther Alute","julius.alute@ports.go.tz","0715636665","Tanzania Ports Authority(TPA)","1000+","Government","Extremely concerned","In-house by someone who is in charge of (security) policies on behalf of the organisation, e.g., a sysadmin?","Has grown/ increased in the last year","Technology;Economic interests(financial gain);Business competition (sabotage, IP theft)","4","1","5","2","6","3","Vulnerability assessments;Audits","I do not keep up to date","Only if there is a problem","Yes","Yes","No","No","No","No effect","Did not report to the police","Don't know","5","4","6",""
"2017/10/28 2:26:08 pm GMT+3","","","","","","1000+","Government","Extremely concerned","Don’t know","Has grown/ increased in the last year","Security education, training and awareness;Lack of integrity (corruption);Economic interests(financial gain)","4","4","6","6","5","6","Don't know","I do not keep up to date","Only if there is a problem","Yes","No","No","No","No","","","Don't know","5","5","6",""
"2017/10/28 2:31:15 pm GMT+3","","Mgungule C. Mwamnyenyelwa","mgungule3102@udsm.ac.tz","0655959502","University of Dar-es-Salaam","1000+","Academia","Extremely concerned","By the Internet Service Provider","Has grown/ increased in the last year","Technology","3","2","4","2","2","5","Don't know","I do not keep up to date","Only if there is a problem","Yes","No","No","No","No","No effect","Did not report to the police","Don't know","2","2","4",""
"2017/10/28 2:58:31 pm GMT+3","","Mohamed Habib Ally","fazy001@gmail.com","0777410291","Ministry of Health-Zanzibar","1000+","Healthcare Services","Extremely concerned","In-house CERT","Has grown/ increased in the last year","Technology;Security education, training and awareness;Economic interests(financial gain)","4","2","3","6","5","5","Vulnerability assessments","I do not keep up to date","Never","Yes","No","Yes","Yes","No","","","Don't know","4","6","5",""
"2017/10/28 3:09:15 pm GMT+3","","","balozi.laizer@ports.go.tz","","","1000+","Government","Very concerned","In-house by someone who is in charge of (security) policies on behalf of the organisation, e.g., a sysadmin?","Has grown/ increased in the last year","Technology;Security education, training and awareness;Economic interests(financial gain)","6","5","6","6","6","5","Penetration testing;Vulnerability assessments;Audits","Consulting companies;Outsourced services","Monthly","No","No","No","No","Through work","Loss of money;Down time;Inconvenience","Did not report to the police","Don't know","5","6","6",""
"2017/10/28 8:42:51 pm GMT+3","","Misambo Josiah Kilasa","Kilasamj@gmail.com","0684141476","TPA","1000+","Government","Moderately concerned","In-house by someone who is in charge of (security) policies on behalf of the organisation, e.g., a sysadmin?","Has grown/ increased in the last year","Security education, training and awareness;Economic interests(financial gain);Business competition (sabotage, IP theft)","6","4","1","2","5","3","Audits","Specialized news sources","Only if there is a problem","Yes","No","No","No","No","No effect","Did not report to the police","Don't know","1","2","3",""
"2017/10/28 8:46:25 pm GMT+3","","Nkanabo Iddi Nkanabo","nkanabo.nkanabo@ports.go.tz","0712546328","Tanzania Ports Authority","1000+","Government","Very concerned","In-house CERT","Has grown/ increased in the last year","Technology","4","6","6","5","6","6","Penetration testing","I do not keep up to date","Only if there is a problem","No","No","Yes","Yes","No","","","Don't know","5","5","6",""
"2017/10/28 10:05:15 pm GMT+3","","Fredy N. Gabriel","gabriel.fredy@rocketmail.com","0755953878","Tropical Pesticides Research Institution","101 - 500","Government","Very concerned","In-house by someone who is in charge of (security) policies on behalf of the organisation, e.g., a sysadmin?","Has grown/ increased in the last year","Technology","6","4","6","6","6","6","Audits","I do not keep up to date","Only if there is a problem","Yes","No","No","No","No","No effect","Did not report to the police","Don't know","6","5","6",""
"2017/10/28 10:08:40 pm GMT+3","","Arnold Kinabo","arnobekinzo@yahoo.co.uk","0788102364","Tanzania Ports Authority","1000+","Government","Slightly concerned","In-house by someone who is in charge of (security) policies on behalf of the organisation, e.g., a sysadmin?","Has grown/ increased in the last year","Security education, training and awareness","4","6","5","6","6","6","Audits","Outsourced services","Only if there is a problem","Yes","No","Yes","No","No","No effect","Did not report to the police","Don't know","4","2","6",""
"2017/10/28 10:11:43 pm GMT+3","","","","","","101 - 500","Government","Moderately concerned","In-house by someone who is in charge of (security) policies on behalf of the organisation, e.g., a sysadmin?","Has grown/ increased in the last year","Technology;Economic interests(financial gain)","2","2","1","1","3","1","Vulnerability assessments","I do not keep up to date","Never","Yes","No","Yes","No","No","","","Don't know","6","6","6",""
"2017/10/28 10:16:52 pm GMT+3","","","","","","101 - 500","Private Sector","Slightly concerned","In-house by someone who is in charge of (security) policies on behalf of the organisation, e.g., a sysadmin?","Has grown/ increased in the last year","Security education, training and awareness","6","4","3","6","3","6","Audits","I do not keep up to date","Only if there is a problem","Yes","No","Yes","No","No","","","Don't know","6","6","4",""
"2017/10/28 10:20:18 pm GMT+3","","Abeela Bandio","abenyamichwo@yahoo.com","","AKMST","1000+","Healthcare Services","Extremely concerned","Don’t know","Has grown/ increased in the last year","Technology","5","5","5","6","5","6","Don't know","I do not keep up to date","Only if there is a problem","No","No","Yes","Yes","Personal capacity","Psychologically harmful","Didn’t know how to report to the police","Don't know","5","6","5",""
"2017/10/28 10:27:24 pm GMT+3","","Oscar Michael Kitime","oscar.kitime@auwsa.go.tz","0716686911/0769362866","Arusha Urban Water Supply and Sanitation Authority","21 - 100","Government","Slightly concerned","I manage my own cyber security","Has grown/ increased in the last year","Technology;Security education, training and awareness;Economic interests(financial gain)","4","5","6","3","2","1","Penetration testing","Outsourced services","Yearly","No","Yes","Yes","Yes","Personal capacity","Down time;Psychologically harmful","Did not report to the police","USD 10,000+","2","1","3",""
"2017/10/28 10:33:07 pm GMT+3","","Wadh-hat Hamid","wadhat@cctz.co.tz","0653288020","Computer Centre Tz Ltd","21 - 100","Private Sector","Extremely concerned","In-house CERT","Has grown/ increased in the last year","Security education, training and awareness;Economic interests(financial gain);Business competition (sabotage, IP theft)","6","6","4","6","6","6","Vulnerability assessments;Audits","I do not keep up to date","Never","Yes","Yes","No","Yes","No","No effect","","Don't know","4","4","6",""
"2017/10/28 10:37:13 pm GMT+3","","Nelson Ally","nally@azaniabank.co.tz","0656711711","Azania Bank Limited","101 - 500","Financial Services","Extremely concerned","In-house by someone who is in charge of (security) policies on behalf of the organisation, e.g., a sysadmin?","Has grown/ increased in the last year","Technology;Security education, training and awareness;Business competition (sabotage, IP theft)","2","1","4","5","3","6","Audits","Generic newspapers and news broadcaster","Only if there is a problem","Yes","Yes","No","No","No","","","Don't know","6","4","5",""
"2017/10/28 10:39:58 pm GMT+3","","Faustine Chang'a","faustine@azaniabank.co.tz","","Azania Bank Ltd","101 - 500","Banking","Very concerned","In-house by someone who is in charge of (security) policies on behalf of the organisation, e.g., a sysadmin?","Has grown/ increased in the last year","Economic interests(financial gain)","","1","","","","","Penetration testing;Audits","Social media network contacts","Yearly","No","No","Yes","No","No","No effect","","Don't know","6","5","4",""
"2017/10/28 10:44:45 pm GMT+3","","Devotha Edwin","mbonamasabo@gmail.com","0759542366","Babati District Council","501 - 1000","Government","Not at all concerned","By the Internet Service Provider","Has grown/ increased in the last year","Technology","5","6","6","3","5","5","Audits","I do not keep up to date","Only if there is a problem","Yes","No","Yes","Yes","Personal capacity","Inconvenience","Did not report to the police","USD 1 - 1,000","3","5","6",""
"2017/10/28 10:48:35 pm GMT+3","","Marick Gudila Proches","gudilamarick53@gmail.com","0765536800/0654018083","UDSM-CoICT","101 - 500","Academia","Extremely concerned","In-house by someone who is in charge of (security) policies on behalf of the organisation, e.g., a sysadmin?","Has grown/ increased in the last year","Technology;Security education, training and awareness;Business competition (sabotage, IP theft)","6","6","6","6","5","6","Penetration testing;Vulnerability assessments","I do not keep up to date","Never","Yes","No","Yes","No","No","","","Don't know","","","",""
"2017/10/28 10:52:52 pm GMT+3","","Issa H. Bakar","issahd@yahoo.co.uk/ishabakar@gmail.com","0719041014/0777041014","Ministry of Infrastructure, communication and transportation","101 - 500","Government","Moderately concerned","In-house by someone who is in charge of (security) policies on behalf of the organisation, e.g., a sysadmin?","Has grown/ increased in the last year","Technology;Security education, training and awareness;Economic interests(financial gain)","6","6","5","5","3","6","Audits;Don't know","Generic newspapers and news broadcaster;Social media network contacts","Yearly","Yes","No","No","No","No","","","Don't know","6","6","6",""
"2017/10/28 10:56:06 pm GMT+3","","Digna Kalinga","digna.gella@gmail.com","0767435104","UDSM-CoICT","101 - 500","Academia","Moderately concerned","Don’t know","Has grown/ increased in the last year","Security education, training and awareness;Economic interests(financial gain);Business competition (sabotage, IP theft)","6","5","6","6","5","6","Don't know","Social media network contacts","Never","No","No","Yes","No","Personal capacity","Inconvenience","Did not report to the police","Don't know","5","5","6",""
"2017/10/28 11:02:20 pm GMT+3","","Samwel Mujinja","smujinja@tra.go.tz","0713451713","TRA","1000+","Government","Very concerned","In-house CERT","Has grown/ increased in the last year","Technology;Economic interests(financial gain);Business competition (sabotage, IP theft)","6","6","5","5","6","6","Vulnerability assessments;Audits","Specialized news sources","Yearly","No","No","No","No","Through work","Down time;Loss of reputation","Reported to the police, who followed it through to successful prosecution","USD 10,000+","6","5","4",""
"2017/10/28 11:05:34 pm GMT+3","","Stella Nguma","snguma@gmail.com","0784700090","Ministry of Finance and Planning","1000+","Government","Moderately concerned","In-house by someone who is in charge of (security) policies on behalf of the organisation, e.g., a sysadmin?","Has not changed since last year","Lack of integrity (corruption);Economic interests(financial gain);Business competition (sabotage, IP theft)","5","6","6","6","6","6","Vulnerability assessments","I do not keep up to date","Only if there is a problem","Yes","No","No","No","Through work","Down time","Reported to the police, who followed it through but no prosecution took place","USD 0","6","5","6",""
"2017/11/06 11:21:08 am GMT+3","","Nelson L.","nelson.lyimo@auwsa.go.tz","+255762614973","Arusha Urban Water Supply & Sanitation(AUWSA)","101 - 500","Government","Extremely concerned","In-house by someone who is in charge of (security) policies on behalf of the organisation, e.g., a sysadmin?","Has grown/ increased in the last year","Security education, training and awareness;Economic interests(financial gain);Business competition (sabotage, IP theft)","5","6","5","6","6","5","Audits","I do not keep up to date","Only if there is a problem","No","No","Yes","No","No","No effect","","Don't know","6","6","6",""
"2017/11/06 11:25:11 am GMT+3","","Dotto Athuman","dmwesuwa@nao.go.tz","+255714122788","National Audit Office","1000+","Government","Extremely concerned","In-house by someone who is in charge of (security) policies on behalf of the organisation, e.g., a sysadmin?","Has grown/ increased in the last year","Technology;Lack of integrity (corruption);Economic interests(financial gain)","5","5","6","6","6","6","Audits","I do not keep up to date","Only if there is a problem","Yes","Yes","No","No","No","No effect","","Don't know","6","5","5",""
"2017/11/08 8:59:06 am GMT+3","","Michael Mwenda","michael.mwenda@nictanzania.co.tz","+255 754 015 783","NIC","101 - 500","Financial Services","Moderately concerned","By the Internet Service Provider","Has grown/ increased in the last year","Security education, training and awareness;Lack of integrity (corruption);Business competition (sabotage, IP theft)","1","2","3","4","5","6","Vulnerability assessments","I do not keep up to date","Only if there is a problem","Yes","No","No","No","Through work","Down time;Inconvenience;Loss of reputation","Didn’t know how to report to the police","USD 10,000+","4","5","6",""
"2017/11/08 12:38:02 pm GMT+3","","Bariki Godson Kamara","barikikamara@out.ac.tz","+255713303105","The Open University of Tanzania","501 - 1000","Academia","Extremely concerned","In-house by someone who is in charge of (security) policies on behalf of the organisation, e.g., a sysadmin?","Has grown/ increased in the last year","Technology;Security education, training and awareness;Economic interests(financial gain)","6","6","6","6","6","6","Penetration testing;Vulnerability assessments","Social media network contacts","Only if there is a problem","Yes","No","No","No","Through work","Down time;Inconvenience;Psychologically harmful;Loss of reputation","Did not report to the police","USD 1 - 1,000","6","6","6",""
"2017/11/09 12:13:18 pm GMT+3","","Jumanne Makame","makamej@stanbic.com","+255784490757","Stanbic Bank Ltd","501 - 1000","Banking","Extremely concerned","I manage my own cyber security","Has grown/ increased in the last year","Technology;Security education, training and awareness;Economic interests(financial gain)","6","6","6","6","6","6","Penetration testing;Vulnerability assessments;Audits","Generic newspapers and news broadcaster;Specialized news sources","Yearly","No","No","Yes","No","No","No effect","Did not report to the police","USD 10,000+","6","5","4",""
"2017/11/16 4:17:53 pm GMT+3","","Hussein","hussein.shaaban@suza.ac,tz","0778925528","SUZA","101 - 500","Academia","Not at all concerned","In-house CERT","Has not changed since last year","Technology","6","6","6","6","6","6","Don't know","Generic newspapers and news broadcaster;Specialized news sources","Only if there is a problem","Yes","No","No","No","No","","Did not report to the police","USD 1 - 1,000","4","3","6",""
"2017/11/17 9:15:00 pm GMT+3","","","cadin25@gmail.com","+255777873065","The State University of Zanzibar","501 - 1000","Academia","Moderately concerned","By the Internet Service Provider","Has reduced in the past year","Technology;Security education, training and awareness;Business competition (sabotage, IP theft)","6","6","3","6","6","6","Don't know","I do not keep up to date","Only if there is a problem","Yes","No","Yes","No","Personal capacity","Down time;Inconvenience;No effect","Didn’t know how to report to the police","Don't know","3","1","1",""
"2017/11/22 10:47:28 am GMT+3","","","","","The State University of Zanzibar","501 - 1000","Academia","Slightly concerned","In-house by someone who is in charge of (security) policies on behalf of the organisation, e.g., a sysadmin?","Has grown/ increased in the last year","Technology;Security education, training and awareness","5","4","6","6","5","5","Don't know","I do not keep up to date","Only if there is a problem","Yes","No","No","No","Personal capacity","No effect","Did not report to the police","Don't know","6","6","6",""
"2017/11/28 3:22:12 pm GMT+3","","Glen Kapya","glenkapya@darletgroup.com","","DARLET GROUP LIMITED","6 - 20","Private Sector","Extremely concerned","In-house CERT","Has grown/ increased in the last year","Technology;Security education, training and awareness;Economic interests(financial gain)","6","6","6","6","6","6","Penetration testing;Vulnerability assessments","Specialized news sources;Social media network contacts","Only if there is a problem","Yes","No","Yes","No","No","No effect","","USD 1 - 1,000","6","6","6",""
"2018/01/27 12:38:30 pm GMT+3","","Tunu Bashemela","tunubashemela@gmail.com","0712116647","Kingdom Heritage ","6 - 20","Private Sector","Moderately concerned","I manage my own cyber security","Has grown/ increased in the last year","Technology;Security education, training and awareness","3","5","5","6","6","6","Audits","Social media network contacts","Yearly","Yes","No","Yes","No","No","No effect","Did not report to the police","USD 0","6","6","6",""
"2018/03/05 2:29:38 pm GMT+3","","Yoon","ysbo8934@gmail.com","+255 742182646","Company","1 - 5","Government","Moderately concerned","Outsourced to an independent specialist or organisation","Has grown/ increased in the last year","Security education, training and awareness;Lack of integrity (corruption);Economic interests(financial gain)","6","6","6","6","6","6","Vulnerability assessments","Specialized news sources;Consulting companies","Weekly","No","No","Yes","Yes","Personal capacity;Through work","No effect","Did not report to the police","USD 1 - 1,000","4","5","6",""