"Timestamp","Username","Name:","Email Address:","Phone Number:","Name of your organisation: "," How many employees work for your company?","Which category most closely fits your organization type?","How much of a concern is cybercrime for your organization?","How is your  organisation’s cyber security managed?","According to your opinion cybercrime in Uganda.. ","According to your opinion, cybercrime is a problem rooted in...? [Please select at most 3 options.]","To make the Internet a safer place and to fight cyber-crime, what are the topics we should conduct more research on? [Please rank all option(s) with '1' being the least and '6' being the highest]  [Better metrics and statistics on cybercrime]","To make the Internet a safer place and to fight cyber-crime, what are the topics we should conduct more research on? [Please rank all option(s) with '1' being the least and '6' being the highest]  [Better laws and regulations]","To make the Internet a safer place and to fight cyber-crime, what are the topics we should conduct more research on? [Please rank all option(s) with '1' being the least and '6' being the highest]  [Improved technology for our networks and operating systems]","To make the Internet a safer place and to fight cyber-crime, what are the topics we should conduct more research on? [Please rank all option(s) with '1' being the least and '6' being the highest]  [Improve our understanding of society and the cyber community]","To make the Internet a safer place and to fight cyber-crime, what are the topics we should conduct more research on? [Please rank all option(s) with '1' being the least and '6' being the highest]  [Better encryption and improved privacy]","To make the Internet a safer place and to fight cyber-crime, what are the topics we should conduct more research on? [Please rank all option(s) with '1' being the least and '6' being the highest]  [Better education of users of the Internet]","Which of the following security testing techniques does your organization use? (Select all that apply)","Is there a dedicated role/person within your organisation assigned to distributing/communicating latest cybersecurity updates? If yes, what are the avenues used to collect information?","How often are staff trained on cybersecurity risks?","Does your organisation allow the use of Bring Your Own Devices (BYODs)? ","Does your organisation have a best practice policy for BYOD? (Select one option)","Does your organization allow/utilize Cloud Services or Internet of Things Tech (Big Data Analytics)?","Does your organization have a best practice policy for IoT and Cloud Services?","Have you been a victim of  any cybercriminal activity in the last 5 years?In what capacity?","If you have been a victim of cybercrime in the last 5 years, what were the implications?(Select all that apply)","If you have been a victim of cybercrime, what action followed? (Select one option)","Approximately how much does your organisation spend annually on cyber security?(Select one option)"
"2017/10/26 11:30:02 am GMT+3","","Kamuntu John","john@thinktechnologysolutions.com","0705603113","Think Technology Solutions","6 - 20","Professional Services","Very concerned","By the Internet Service Provider","Has grown/ increased in the last year","Technology;Lack of integrity (corruption);Business competition (sabotage, IP theft)","5","6","6","6","5","5","Audits","Social media network contacts;I do not keep up to date","Never","Yes","No","Yes","Yes","No","No effect","Did not report to the police","USD 0"
"2017/10/26 11:22:17 pm GMT+3","","JB Mugume","mug.jeff@gmail.com","+256782918625","techgeeks ltd","6 - 20","Telecommunication","Extremely concerned","By the Internet Service Provider","Has grown/ increased in the last year","Technology;Security education, training and awareness;Lack of integrity (corruption);Economic interests(financial gain)","1","3","6","5","5","6","Don't know","I do not keep up to date","Only if there is a problem","Yes","Yes","Yes","Yes","Personal capacity","Loss of money;Down time;Inconvenience;Psychologically harmful;Loss of reputation","Didn’t know how to report to the police","Don't know"
"2017/10/27 5:20:31 pm GMT+3","mwesck@yahoo.com","Mwesigye Caleb","mwesck@yahoo.com","0772461963","Statehouse Uganda","501 - 1000","Government","Extremely concerned","Don’t know","Has grown/ increased in the last year","Technology;Security education, training and awareness;Lack of integrity (corruption);Economic interests(financial gain);Business competition (sabotage, IP theft)","5","6","6","6","6","6","Vulnerability assessments;Audits","Consulting companies","Monthly","No","Yes","Yes","Yes","No","","","Don't know"
"2017/11/02 10:11:07 am GMT+3","yosiakiyimba@gmail.com","Yosia Kiyimba","ykiyimba@gmail.com","0713 158 940","Uganda Hosting","1 - 5","Telecommunication","Very concerned","By the Internet Service Provider","Has grown/ increased in the last year","Technology;Economic interests(financial gain);Business competition (sabotage, IP theft)","5","6","6","6","6","6","Audits","I do not keep up to date","Only if there is a problem","Yes","No","Yes","No","Through work","Down time;Inconvenience","Didn’t know how to report to the police","USD 1 - 1,000"
"2017/11/02 10:41:49 am GMT+3","manzikagina@milimatechnologies.com","Manzi Kagina","manzikagina@milimatechnologies.com","","Milima Technologies Ltd","6 - 20","Cyber Security Sector","Extremely concerned","I manage my own cyber security","Has not changed since last year","Technology;Security education, training and awareness;Economic interests(financial gain)","1","1","2","4","4","6","Penetration testing;Vulnerability assessments;Audits","Social media network contacts","Monthly","Yes","No","Yes","No","No","Loss of money;Down time;Inconvenience","Did not report to the police","USD 1 - 1,000"
"2017/11/08 4:34:12 pm GMT+3","secretariat@ictau.ug","Patricia","Namakula","+256789581006","ICT Association of Uganda","6 - 20","Professional Services","Very concerned","I manage my own cyber security","Has grown/ increased in the last year","Technology;Economic interests(financial gain);Business competition (sabotage, IP theft)","3","4","2","2","5","6","Vulnerability assessments","Social media network contacts","Yearly","Yes","Yes","Yes","Yes","No","","","Don't know"
"2017/11/09 2:28:40 pm GMT+3","abdi@jolis.net","Joseph Abdi","abdi@jolis.net","256752567374","JOLIS International","1 - 5","Professional Services","Extremely concerned","In-house by someone who is in charge of (security) policies on behalf of the organisation, e.g., a sysadmin?","Has grown/ increased in the last year","Technology;Security education, training and awareness;Lack of integrity (corruption);Economic interests(financial gain);Business competition (sabotage, IP theft)","3","6","5","5","3","3","Penetration testing;Vulnerability assessments;Audits","I do not keep up to date","Only if there is a problem","Yes","Yes","Yes","Yes","Personal capacity;Through work","Loss of money;Down time;Inconvenience;Loss of reputation","Didn’t know how to report to the police","USD 1,001 - 5,000"
"2017/11/10 2:44:43 pm GMT+3","itmbale@mbaleresorthotel.com","Dickson","itmbale@mbaleresorthotel.com","0758210122","Mbale resort Hotel","101 - 500","Private Sector","Extremely concerned","I manage my own cyber security","Has grown/ increased in the last year","Technology;Security education, training and awareness;Lack of integrity (corruption);Economic interests(financial gain);Business competition (sabotage, IP theft)","2","5","3","5","4","4","Penetration testing;Audits","Generic newspapers and news broadcaster;Consulting companies","Monthly","No","No","Yes","Yes","Personal capacity","Loss of money;Down time;Inconvenience","Didn’t know how to report to the police","USD 1,001 - 5,000"
"2017/11/13 12:33:33 pm GMT+3","info@strikenetconsults.com","Geoffrey Orone","info@strikenetconsults.com","256 704 856 262","StrikeNet","101 - 500","Professional Services","Extremely concerned","In-house CERT","Has not changed since last year","Technology;Security education, training and awareness;Business competition (sabotage, IP theft)","6","6","6","5","5","4","Vulnerability assessments;Audits","Outsourced services;Social media network contacts","Yearly","No","Yes","Yes","Yes","Personal capacity","Down time;Inconvenience","Did not report to the police","USD 1,001 - 5,000"
"2017/11/13 12:43:04 pm GMT+3","moses@truit.ug ","Moses Mubiru","moses@truit.ug ","+256 759 222 445","TruIT","21 - 100","Telecommunication","Extremely concerned","In-house by someone who is in charge of (security) policies on behalf of the organisation, e.g., a sysadmin?","Has grown/ increased in the last year","Technology;Security education, training and awareness;Lack of integrity (corruption);Economic interests(financial gain);Business competition (sabotage, IP theft)","5","6","6","6","6","6","Penetration testing;Vulnerability assessments;Audits","Specialized news sources","Monthly","No","Yes","Yes","Yes","Personal capacity;Through work;No","","","USD 0"
"2017/12/04 8:56:55 am GMT+3","okutoyi@gmail.com","Martin Okutoyi","okutoyi@gmail.com","254736373444","BCS Group","21 - 100","Telecommunication","Very concerned","In-house by someone who is in charge of (security) policies on behalf of the organisation, e.g., a sysadmin?","Has grown/ increased in the last year","Security education, training and awareness;Lack of integrity (corruption);Economic interests(financial gain)","6","5","4","5","6","6","Penetration testing;Audits","Social media network contacts","Yearly","Yes","No","Yes","No","Through work","Loss of money;Inconvenience;Loss of reputation","Reported to the police, who followed it through but no prosecution took place","Don't know"
"2017/12/04 8:59:54 am GMT+3","nelson@bcs-ea.com","Nelson Were","nelson@bcs-ea.com","0700805059","BCS Group","21 - 100","Telecommunication","Extremely concerned","In-house by someone who is in charge of (security) policies on behalf of the organisation, e.g., a sysadmin?","Has grown/ increased in the last year","Technology","5","6","6","6","6","6","Audits","Specialized news sources","Yearly","Yes","Yes","Yes","Yes","Personal capacity","Inconvenience","Did not report to the police","Don't know"
"2017/12/04 9:03:51 am GMT+3","tonnyjonans2010@gmail.com","Olanya Tonny","tonnyjonans2010@gmail.com","0782133462","Victorial Hospital","101 - 500","Healthcare Services","Slightly concerned","Don’t know","Has grown/ increased in the last year","Technology;Security education, training and awareness;Business competition (sabotage, IP theft)","6","6","1","5","1","1","Don't know","Outsourced services","Yearly","No","Yes","No","Yes","No","No effect","Did not report to the police","Don't know"
"2017/12/04 9:08:08 am GMT+3","Bright.kwitonda@kampalhospital.com","Kwitonda Bright","Bright.kwitonda@kampalhospital.com","256776072291","Kampala Hospital","101 - 500","Healthcare Services","Very concerned","In-house by someone who is in charge of (security) policies on behalf of the organisation, e.g., a sysadmin?","Has grown/ increased in the last year","Technology;Security education, training and awareness","6","6","1","5","6","5","Penetration testing;Audits","Generic newspapers and news broadcaster;Specialized news sources","Only if there is a problem","No","Yes","No","No","Personal capacity","Inconvenience","Did not report to the police","Don't know"
"2017/12/04 9:11:31 am GMT+3","itmanager@rupareliagroup.com","Yash Pal","itmanager@rupareliagroup.com","0702711339","Ruparelia group","21 - 100","Private Sector","Extremely concerned","In-house by someone who is in charge of (security) policies on behalf of the organisation, e.g., a sysadmin?","Has not changed since last year","Technology;Economic interests(financial gain);Business competition (sabotage, IP theft)","5","6","4","5","4","5","Penetration testing;Vulnerability assessments;Audits","Generic newspapers and news broadcaster;Social media network contacts","Monthly","Yes","Yes","Yes","Yes","Through work","Inconvenience;Loss of reputation","Reported to the police with no further action","USD 1,001 - 5,000"
"2017/12/04 9:15:05 am GMT+3","bonnyangena@gmail.com","Angena Bonny","bonnyangena@gmail.com","0783832569/ 704304598","Silver Springs Hotel (SSH)","501 - 1000","Private Sector","Very concerned","By the Internet Service Provider","Has not changed since last year","Technology;Security education, training and awareness;Economic interests(financial gain)","4","5","5","4","6","4","Audits","Consulting companies","Only if there is a problem","Yes","Yes","No","No","Personal capacity","Loss of money;Inconvenience","Did not report to the police","USD 1 - 1,000"
"2017/12/04 9:18:10 am GMT+3","ict@paragonhosptial.com","Perez","ict@paragonhosptial.com","0773066654","Paragon Hospital","101 - 500","Healthcare Services","Extremely concerned","In-house by someone who is in charge of (security) policies on behalf of the organisation, e.g., a sysadmin?","Has grown/ increased in the last year","Technology;Security education, training and awareness;Lack of integrity (corruption)","5","6","5","6","6","6","Penetration testing;Vulnerability assessments;Audits","Generic newspapers and news broadcaster;Consulting companies","Yearly","Yes","Yes","Yes","Yes","Personal capacity","No effect","Did not report to the police","USD 0"
"2017/12/04 9:23:35 am GMT+3","it@norvik.ug","Wamala Daniel Collins","wamaxdaniel@gmail.com","0414346772/ 0703569783","Norvik Group Uganda","101 - 500","Healthcare Services","Very concerned","In-house by someone who is in charge of (security) policies on behalf of the organisation, e.g., a sysadmin?","Has not changed since last year","Technology","1","2","3","4","5","6","Penetration testing;Vulnerability assessments;Audits","Generic newspapers and news broadcaster;Specialized news sources;Consulting companies;Social media network contacts","Only if there is a problem","No","Yes","Yes","Yes","No","Loss of reputation","Reported to the police, who followed it through to successful prosecution","USD 1 - 1,000"
"2017/12/04 9:26:22 am GMT+3","eorikurungi@serena.co.ug","Emmanuel Orikurungi","eorikurungi@serena.co.ug","0700601202","Serena Hotels Uganda","501 - 1000","Private Sector","Very concerned","In-house by someone who is in charge of (security) policies on behalf of the organisation, e.g., a sysadmin?","Has grown/ increased in the last year","Technology;Security education, training and awareness;Business competition (sabotage, IP theft)","6","6","6","6","5","6","Audits","I do not keep up to date","Never","No","No","No","No","Through work","Down time","Did not report to the police","USD 1,001 - 5,000"
"2017/12/04 9:29:39 am GMT+3","lugobelawrence@gmail.com","Lugobe Lawrence","lugobelawrence@gmail.com","0700563336","Beya Auctioneer And Couki Beliefs","6 - 20","Financial Services","Moderately concerned","In-house by someone who is in charge of (security) policies on behalf of the organisation, e.g., a sysadmin?","Has grown/ increased in the last year","Lack of integrity (corruption)","5","1","5","5","5","4","Audits","Consulting companies","Yearly","Yes","Yes","Yes","Yes","No","No effect","Did not report to the police","USD 1,001 - 5,000"
"2017/12/04 9:33:33 am GMT+3","nicholas.agaba@umchospitals.com","Nicholas Agaba","nicholas.agaba@umchospitals.com","0794727034/ 0782924572","Victoria Hospital Limited","101 - 500","Healthcare Services","Slightly concerned","In-house by someone who is in charge of (security) policies on behalf of the organisation, e.g., a sysadmin?","Has grown/ increased in the last year","Technology;Security education, training and awareness","5","6","6","5","6","4","Penetration testing;Audits","Specialized news sources","Yearly","No","No","No","No","No","No effect","Did not report to the police","USD 1 - 1,000"
"2017/12/04 9:36:27 am GMT+3","werederick@yahoo.com","Derick David","werederick@yahoo.com","0772851389/ 0702449048","","21 - 100","Private Sector","Extremely concerned","I manage my own cyber security","Has grown/ increased in the last year","Technology","4","4","3","3","2","1","Audits","Specialized news sources","Monthly","Yes","Yes","No","Yes","Personal capacity","Loss of money;Inconvenience","Reported to the police with no further action","USD 1 - 1,000"
"2017/12/04 9:39:35 am GMT+3","edson.gmax.ahimbisibwe@gmail.com","Ahimbisibwe Edson","edson.gmax.ahimbisibwe@gmail.com","0755907721","Nira","501 - 1000","Government","Extremely concerned","In-house by someone who is in charge of (security) policies on behalf of the organisation, e.g., a sysadmin?","Has grown/ increased in the last year","Security education, training and awareness","2","4","5","6","6","6","Penetration testing;Vulnerability assessments;Audits","Social media network contacts","Only if there is a problem","No","Yes","Yes","Yes","No","No effect","Did not report to the police","USD 1,001 - 5,000"
"2017/12/04 9:42:29 am GMT+3","mutesiharah6@gmail.com","Mutesi Harah","mutesiharah6@gmail.com","0706878574","National Identification Registration Authority","101 - 500","Government","Extremely concerned","In-house by someone who is in charge of (security) policies on behalf of the organisation, e.g., a sysadmin?","Has grown/ increased in the last year","Technology;Economic interests(financial gain);Business competition (sabotage, IP theft)","2","6","5","4","5","1","Vulnerability assessments;Audits","Specialized news sources","Monthly","No","No","Yes","Yes","No","No effect","Did not report to the police","Don't know"
"2017/12/04 9:45:05 am GMT+3","nmuda@gmail.com","Niwamanya Mudasiri","nmuda@gmail.com","0705986367","NIRA","1000+","Government","Extremely concerned","Outsourced to an independent specialist or organisation","Has grown/ increased in the last year","Technology;Lack of integrity (corruption);Economic interests(financial gain)","5","4","3","2","6","1","Penetration testing;Audits","Outsourced services","Yearly","No","Yes","No","Yes","No","No effect","Did not report to the police","USD 1,001 - 5,000"
"2017/12/04 9:47:52 am GMT+3","wadewadenis901@gmail.com","Wadewa Denis Makwasi","wadewadenis901@gmail.com","0775719342/ 0702590670","NIRA","1000+","Government","Extremely concerned","Outsourced to an independent specialist or organisation","Not much of an issue","Technology","6","6","6","6","6","6","Don't know","Outsourced services","Never","No","Yes","No","No","No","Inconvenience","Did not report to the police","Don't know"
"2017/12/04 9:50:27 am GMT+3","kaddushaddrack@ndejeuniversity.ac.ug","Kaddu Shaddrack","  kaddushaddrack@ndejeuniversity.ac.ug","0717124686","Ndejje University","101 - 500","Academia","Very concerned","In-house by someone who is in charge of (security) policies on behalf of the organisation, e.g., a sysadmin?","Has grown/ increased in the last year","Technology;Lack of integrity (corruption);Economic interests(financial gain)","5","6","6","5","6","6","Vulnerability assessments;Audits","I do not keep up to date","Never","Yes","No","Yes","No","No","No effect","Did not report to the police","USD 1,001 - 5,000"
"2017/12/04 9:52:48 am GMT+3","abbymujuzi@gmail.com","Mujuzi Abbey","abbymujuzi@gmail.com","","NIRA","101 - 500","Government","Extremely concerned","In-house by someone who is in charge of (security) policies on behalf of the organisation, e.g., a sysadmin?","Has grown/ increased in the last year","Security education, training and awareness;Lack of integrity (corruption);Business competition (sabotage, IP theft)","2","3","4","5","5","6","Don't know","Social media network contacts","Never","No","Yes","Yes","Yes","Personal capacity","Loss of reputation","Did not report to the police","Don't know"
"2017/12/04 9:56:08 am GMT+3","N/A@gmail.com","Kyeyune Jamil","N/A","0757014409","Kaki Group Of Companies","501 - 1000","Private Sector","Extremely concerned","I manage my own cyber security","Has grown/ increased in the last year","Technology;Security education, training and awareness;Economic interests(financial gain)","1","5","6","6","4","6","Penetration testing;Audits","Consulting companies","Weekly","Yes","Yes","Yes","Yes","No","No effect","Did not report to the police","USD 1 - 1,000"
"2017/12/04 10:01:44 am GMT+3","123ben@gmail.com","Yiga Benjamin","123ben@gmail.com","0754717061","Makerere","1000+","Academia","Very concerned","In-house by someone who is in charge of (security) policies on behalf of the organisation, e.g., a sysadmin?","Has grown/ increased in the last year","Technology;Economic interests(financial gain);Business competition (sabotage, IP theft)","5","5","3","1","6","6","Penetration testing;Vulnerability assessments;Audits","Specialized news sources;Social media network contacts","Weekly","Yes","Yes","Yes","Yes","No","No effect","Did not report to the police","Don't know"
"2017/12/04 10:18:29 am GMT+3","tambipharahan@gmail.com","Tambi Pharahan","tambipharahan@gmail.com","0771836726","Makerere","1000+","Academia","Extremely concerned","In-house by someone who is in charge of (security) policies on behalf of the organisation, e.g., a sysadmin?","Has grown/ increased in the last year","Technology;Security education, training and awareness;Business competition (sabotage, IP theft)","1","5","4","6","6","6","Penetration testing;Vulnerability assessments;Audits","Specialized news sources","Monthly","Yes","Yes","Yes","Yes","No","No effect","Did not report to the police","Don't know"
"2017/12/04 10:22:17 am GMT+3","ngadoofahkwuko@gmail.com","Mubarak Tutu","ngadoofahkwuko@gmail.com","0784160202","Makerere University","1000+","Academia","Extremely concerned","In-house by someone who is in charge of (security) policies on behalf of the organisation, e.g., a sysadmin?","Has grown/ increased in the last year","Technology;Security education, training and awareness;Economic interests(financial gain)","4","4","6","","5","6","Penetration testing;Vulnerability assessments;Audits","Specialized news sources","Monthly","Yes","Yes","Yes","Yes","No","No effect","Did not report to the police","Don't know"
"2017/12/04 10:24:58 am GMT+3","nagashaaudreym@gmail.com","Nagasha Audrey","nagashaaudreym@gmail.com","0782247067","NIRA","501 - 1000","Government","Extremely concerned","In-house by someone who is in charge of (security) policies on behalf of the organisation, e.g., a sysadmin?","Has grown/ increased in the last year","Technology;Security education, training and awareness;Lack of integrity (corruption)","","","","","","","Don't know","Specialized news sources","Weekly","No","No","No","Yes","No","","Did not report to the police","Don't know"
"2017/12/04 10:29:13 am GMT+3","jkabagambe84@gmail.com","","jkabagambe84@gmail.com","256782103609","NIRA","501 - 1000","Government","Extremely concerned","In-house by someone who is in charge of (security) policies on behalf of the organisation, e.g., a sysadmin?","Has grown/ increased in the last year","Technology;Security education, training and awareness;Lack of integrity (corruption)","6","5","5","6","6","6","Penetration testing;Vulnerability assessments;Audits","I do not keep up to date","Only if there is a problem","Yes","Yes","Yes","Yes","No","No effect","Did not report to the police","USD 1,001 - 5,000"
"2017/12/04 10:32:29 am GMT+3","justinemushabe@yahoo.com","Mushabe Justine","justinemushabe@yahoo.com","0772662541/ 0702594474","NIRA","501 - 1000","Government","Extremely concerned","In-house by someone who is in charge of (security) policies on behalf of the organisation, e.g., a sysadmin?","Has grown/ increased in the last year","Technology;Security education, training and awareness;Business competition (sabotage, IP theft)","6","6","6","6","6","6","Don't know","Outsourced services","Never","No","Yes","No","Yes","No","No effect","Did not report to the police","Don't know"
"2017/12/04 10:35:57 am GMT+3","david.kakembo1@aig.com","David Kakembo","david.kakembo1@aig.com","0772495911","AIG Uganda LTD","6 - 20","Financial Services","Extremely concerned","In-house by someone who is in charge of (security) policies on behalf of the organisation, e.g., a sysadmin?","Has grown/ increased in the last year","Technology;Economic interests(financial gain);Business competition (sabotage, IP theft)","1","6","6","6","6","6","Don't know","Consulting companies","Yearly","No","Yes","Yes","Yes","No","No effect","Did not report to the police","Don't know"
"2017/12/04 10:38:51 am GMT+3","mukono@solarnow.com.eu","William","mukono@solarnow.com.eu","0788916620","Solar Now","501 - 1000","Private Sector","Not at all concerned","Don’t know","Has reduced in the past year","Business competition (sabotage, IP theft)","4","5","4","5","4","5","Don't know","I do not keep up to date","Never","No","No","No","No","No","No effect","Did not report to the police","USD 0"
"2017/12/04 10:50:48 am GMT+3","ict@paragonhosptial.com","Isma","ict@paragonhosptial.com","0705707051","Paragon Hospital","101 - 500","Healthcare Services","Extremely concerned","In-house by someone who is in charge of (security) policies on behalf of the organisation, e.g., a sysadmin?","Has grown/ increased in the last year","Technology;Security education, training and awareness","5","5","6","6","6","6","Penetration testing;Vulnerability assessments","Generic newspapers and news broadcaster","Yearly","Yes","Yes","Yes","No","Through work","Loss of money;Inconvenience","Reported to the police with no further action","USD 1,001 - 5,000"
"2017/12/04 10:56:23 am GMT+3","mpigi@solarnow.com.eu","Joan Nangobi","mpigi@solarnow.com.eu","0788916687","Solar now","501 - 1000","Private Sector","Moderately concerned","Don’t know","Has grown/ increased in the last year","Technology;Lack of integrity (corruption);Economic interests(financial gain)","5","5","6","5","6","5","Penetration testing;Vulnerability assessments","I do not keep up to date","Never","No","No","No","No","No","No effect","Did not report to the police","USD 0"
"2017/12/04 10:59:32 am GMT+3","luboejasirak@gmail.com","Kwalimpa Bless","luboejasirak@gmail.com","0703910223","Blessings holdings uganda","1 - 5","Financial Services","Extremely concerned","I manage my own cyber security","Has grown/ increased in the last year","Technology;Security education, training and awareness;Lack of integrity (corruption)","2","3","4","6","6","6","Audits","Specialized news sources","Monthly","Yes","Yes","Yes","Yes","No","Loss of money","Reported to the police, who contacted me/my organisation but no further action took place","USD 1 - 1,000"
"2017/12/04 11:04:49 am GMT+3","tinosofthelpdesk@tinosoft.co.ug","Agaba John","tinosofthelpdesk@tinosoft.co.ug","0417335050","Tinosoft","21 - 100","Professional Services","Very concerned","In-house by someone who is in charge of (security) policies on behalf of the organisation, e.g., a sysadmin?","Not much of an issue","Technology","2","5","3","5","3","3","Penetration testing;Vulnerability assessments;Audits","Specialized news sources","Never","No","No","No","No","Personal capacity","Loss of money;Down time","Did not report to the police","USD 0"
"2017/12/04 11:22:43 am GMT+3","N/A@gmail.com","N/A","N/A","N/A","N/A","6 - 20","Private Sector","Moderately concerned","In-house by someone who is in charge of (security) policies on behalf of the organisation, e.g., a sysadmin?","Not much of an issue","Lack of integrity (corruption);Economic interests(financial gain);Business competition (sabotage, IP theft)","","6","5","6","6","6","Don't know","I do not keep up to date","Never","Yes","No","No","No","No","","Did not report to the police","USD 0"
"2017/12/04 11:24:55 am GMT+3","N/A@gmail.com","N/A","N/A","0772460966","N/A","21 - 100","Legal Advisory","Extremely concerned","In-house by someone who is in charge of (security) policies on behalf of the organisation, e.g., a sysadmin?","Has grown/ increased in the last year","Technology;Security education, training and awareness;Lack of integrity (corruption)","6","5","6","6","6","6","Penetration testing;Vulnerability assessments;Audits","Generic newspapers and news broadcaster;Consulting companies;Outsourced services","Monthly","Yes","Yes","Yes","Yes","Personal capacity;Through work","Loss of money;Down time","Reported to the police with no further action","USD 1,001 - 5,000"
"2017/12/04 11:28:09 am GMT+3","jeromecue@gmail.com","Ssagala Jerome","jeromecue@gmail.com","0703523938","Medicare Health Professional College","21 - 100","Academia","Extremely concerned","In-house by someone who is in charge of (security) policies on behalf of the organisation, e.g., a sysadmin?","Has grown/ increased in the last year","Technology;Security education, training and awareness;Economic interests(financial gain)","2","3","5","1","6","4","Audits","Specialized news sources;Consulting companies","Yearly","Yes","Yes","No","No","No","","","USD 1 - 1,000"
"2017/12/04 11:38:42 am GMT+3","N/A@gmail.com","N/A","N/A","N/A","N/A","1000+","Private Sector","Extremely concerned","I manage my own cyber security","Has grown/ increased in the last year","Technology","","","","","","6","Vulnerability assessments","Generic newspapers and news broadcaster","Monthly","Yes","Yes","Yes","Yes","Through work","Inconvenience","Reported to the police, who followed it through to successful prosecution","USD 10,000+"
"2017/12/04 11:45:46 am GMT+3","Kiizaalex200@gmail.com","Kiiza Alex","Kiizaalex200@gmail.com","0754879019","MUBS","101 - 500","Academia","Very concerned","Outsourced to an independent specialist or organisation","Has grown/ increased in the last year","Technology","","","","","","6","Vulnerability assessments","Outsourced services","Yearly","Yes","Yes","Yes","Yes","Through work","Loss of money","Reported to the police, who contacted me/my organisation but no further action took place","USD 10,000+"
"2017/12/04 11:46:12 am GMT+3","kpeter@asg.co.ug","Kyewalabye Peter","kpeter@asg.co.ug","0759761926","ASG","6 - 20","Telecommunication","Extremely concerned","In-house by someone who is in charge of (security) policies on behalf of the organisation, e.g., a sysadmin?","Has not changed since last year","Technology","4","","","2","4","2","Vulnerability assessments","Consulting companies","Monthly","Yes","No","Yes","Yes","Through work","Loss of money","Reported to the police, who followed it through but no prosecution took place","USD 0"
"2017/12/04 11:52:46 am GMT+3","N/A@gmail.com","N/A","N/A","N/A","N/A","501 - 1000","Banking","Extremely concerned","In-house by someone who is in charge of (security) policies on behalf of the organisation, e.g., a sysadmin?","Has grown/ increased in the last year","Security education, training and awareness","","","","","1","","Penetration testing","Specialized news sources","Monthly","Yes","Yes","Yes","Yes","No","No effect","Did not report to the police","USD 1,001 - 5,000"
"2017/12/04 11:54:13 am GMT+3","info@jolis.net","Lwanga Davis","info@jolis.net","0752567374","Jolis","21 - 100","Professional Services","Very concerned","Don’t know","Has reduced in the past year","Technology;Lack of integrity (corruption);Economic interests(financial gain)","2","3","2","3","4","2","Penetration testing;Vulnerability assessments;Audits","Generic newspapers and news broadcaster;Social media network contacts","Only if there is a problem","No","No","Yes","Yes","Personal capacity;Through work","Loss of money;Inconvenience","Reported to the police with no further action","USD 0"
"2017/12/04 12:01:01 pm GMT+3","itug@iwayafrica.net","Kalema Ivan","itug@iwayafrica.net","0772651246/ 0414343969","Iway Africa","101 - 500","Telecommunication","Extremely concerned","In-house by someone who is in charge of (security) policies on behalf of the organisation, e.g., a sysadmin?","Has grown/ increased in the last year","Technology;Security education, training and awareness;Lack of integrity (corruption)","1","2","3","4","2","3","Penetration testing;Vulnerability assessments;Audits","Generic newspapers and news broadcaster;Consulting companies","Never","No","No","No","No","No","No effect","Did not report to the police","Don't know"
"2017/12/04 12:01:47 pm GMT+3","johniekk@computerworksug.com","John Kyakuwa","johniekk@computerworksug.com","256200906813/ 256701385898","Computer Works Uganda LTD","6 - 20","Legal Advisory","Very concerned","I manage my own cyber security","Not much of an issue","Technology","2","","","","","","Don't know","Social media network contacts","Yearly","Yes","Yes","No","No","Through work","Loss of reputation","Reported to the police, who followed it through to successful prosecution","USD 1 - 1,000"
"2017/12/04 12:25:23 pm GMT+3","N/A@gmail.com","okor Jonnes","N/A","0414372993","Tusk","21 - 100","Private Sector","Extremely concerned","In-house by someone who is in charge of (security) policies on behalf of the organisation, e.g., a sysadmin?","Has grown/ increased in the last year","Technology","1","3","5","3","4","5","Penetration testing;Vulnerability assessments","Generic newspapers and news broadcaster","Never","No","No","No","No","No","No effect","Did not report to the police","Don't know"
"2017/12/04 12:32:41 pm GMT+3","Immisana@outlook.com","Jonah Namusase","Immisana@outlook.com","07048396946","","1 - 5","Banking","Very concerned","In-house CERT","Has grown/ increased in the last year","Business competition (sabotage, IP theft)","","","","","","","Don't know","I do not keep up to date","Never","Yes","Yes","Yes","Yes","No","No effect","Did not report to the police","USD 1 - 1,000"
"2017/12/04 12:48:49 pm GMT+3","lubjoe@gmail.com","Joe Lubowa","lubjoe@gmail.com","0704626962","Kajoe Projects Limited","6 - 20","Professional Services","Extremely concerned","I manage my own cyber security","Has grown/ increased in the last year","Lack of integrity (corruption)","5","5","5","4","6","5","Penetration testing;Vulnerability assessments","Generic newspapers and news broadcaster;Specialized news sources","Weekly","Yes","No","Yes","Yes","Personal capacity","Inconvenience","Did not report to the police","Don't know"
"2017/12/04 12:52:20 pm GMT+3","N/A@gmail.com","N/A","N/A","N/A","N/A","1 - 5","Academia","Not at all concerned","Don’t know","Not much of an issue","Technology;Security education, training and awareness;Lack of integrity (corruption);Economic interests(financial gain)","1","2","3","2","2","2","Penetration testing;Vulnerability assessments","Generic newspapers and news broadcaster","Never","No","No","No","No","No","No effect","Did not report to the police","Don't know"
"2017/12/04 1:09:33 pm GMT+3","N/A@gmail.com","N/A","N/A","N/A","N/A","21 - 100","Academia","Extremely concerned","In-house by someone who is in charge of (security) policies on behalf of the organisation, e.g., a sysadmin?","Has grown/ increased in the last year","Economic interests(financial gain)","1","6","2","6","6","6","Audits","I do not keep up to date","Only if there is a problem","Yes","No","Yes","Yes","No","","","Don't know"
"2017/12/04 1:14:04 pm GMT+3","Adide.kwezi@nifa.co.ug","Adide Kwezi","adide.kwezi@nifa.co.ug","0787723221/ 0704723221","Nifa Uganda","501 - 1000","Government","Extremely concerned","In-house by someone who is in charge of (security) policies on behalf of the organisation, e.g., a sysadmin?","Has grown/ increased in the last year","Technology;Security education, training and awareness;Business competition (sabotage, IP theft)","5","5","5","5","5","5","Penetration testing;Vulnerability assessments","Generic newspapers and news broadcaster;Specialized news sources","Monthly","Yes","Yes","Yes","Yes","Personal capacity","Down time;Inconvenience","Reported to the police, who followed it through to successful prosecution","Don't know"
"2017/12/04 1:19:57 pm GMT+3","wamaxdaniel@gmail.com","Wamala Daniel","wamaxdaniel@gmail.com","0703569783","Westime Distilling Company","101 - 500","Private Sector","Slightly concerned","In-house by someone who is in charge of (security) policies on behalf of the organisation, e.g., a sysadmin?","Not much of an issue","Technology","1","2","3","4","5","6","Audits","Generic newspapers and news broadcaster;Specialized news sources;Consulting companies;Social media network contacts","Only if there is a problem","No","No","No","No","No","No effect","Did not report to the police","USD 1 - 1,000"
"2017/12/04 1:29:42 pm GMT+3","wamaxdaniel@gmail.com","Wamala Daniel","wamaxdaniel@gmail.com","0703569783","Adriko & Associates co","21 - 100","Private Sector","Moderately concerned","In-house by someone who is in charge of (security) policies on behalf of the organisation, e.g., a sysadmin?","Has not changed since last year","Economic interests(financial gain)","1","2","3","4","5","6","Penetration testing;Vulnerability assessments;Audits","Generic newspapers and news broadcaster;Specialized news sources;Consulting companies;Outsourced services","Monthly","Yes","Yes","No","No","No","No effect","Did not report to the police","USD 1 - 1,000"
"2017/12/04 1:32:23 pm GMT+3","bugungoflash@gmail.com","N","bugungoflash@gmail.com","0758237525","ISBAT university","21 - 100","Private Sector","Extremely concerned","Don’t know","Has grown/ increased in the last year","Technology","2","4","5","3","2","4","Don't know","I do not keep up to date","Never","No","No","No","No","No","","Did not report to the police","Don't know"
"2017/12/04 1:36:41 pm GMT+3","aann@jelui.ug","Acan Ann","aann@jelui.ug","0705703161","Jelui Tours and Travel","6 - 20","Telecommunication","Very concerned","In-house CERT","Has not changed since last year","Security education, training and awareness","5","2","4","3","4","4","Penetration testing","Generic newspapers and news broadcaster","Weekly","Yes","Yes","Yes","Yes","Personal capacity","Loss of money","Reported to the police with no further action","USD 0"
"2017/12/04 1:40:20 pm GMT+3","Ssesanga@hotmail.co.uk","Abdul Ssesanga","Ssesanga@hotmail.co.uk","0772403351","Ssesanga Motor Services","21 - 100","Legal Advisory","Moderately concerned","By the Internet Service Provider","Has not changed since last year","Security education, training and awareness;Economic interests(financial gain)","","","1","","","","Vulnerability assessments","Outsourced services","Yearly","No","Yes","No","Yes","Through work","Down time","Reported to the police with no further action","USD 1 - 1,000"
"2017/12/07 10:33:08 pm GMT+3","nasiifnajja@gmail.com","Najja Nasiifu","nasiifnajja@gmail.com","256772044513","Nano technologies Limited","6 - 20","Professional Services","Extremely concerned","In-house by someone who is in charge of (security) policies on behalf of the organisation, e.g., a sysadmin?","Has grown/ increased in the last year","Technology;Security education, training and awareness;Business competition (sabotage, IP theft)","5","1","4","2","6","3","Penetration testing;Vulnerability assessments;Audits","Generic newspapers and news broadcaster;Social media network contacts","Yearly","Yes","No","Yes","No","No","No effect","Did not report to the police","USD 1 - 1,000"
"2017/12/07 10:38:42 pm GMT+3","N/A@gmail.com","N/A","N/A","N/A","N/A","6 - 20","Private Sector","Moderately concerned","I manage my own cyber security","Has grown/ increased in the last year","Technology;Security education, training and awareness;Economic interests(financial gain);Business competition (sabotage, IP theft)","4","6","6","6","4","5","Don't know","I do not keep up to date","Never","Yes","No","No","No","No","No effect","Did not report to the police","USD 0"
"2017/12/07 10:43:49 pm GMT+3","onlinebizlog@gmail.com","Kizito Moses","onlinebizlog@gmail.com","0787528214/ 0750874433","Alman & Husna Family Investment LTD","101 - 500","Insurance","Slightly concerned","I manage my own cyber security","Has not changed since last year","Technology;Lack of integrity (corruption);Economic interests(financial gain)","","","","","1","","Vulnerability assessments","Consulting companies","Yearly","Yes","No","Yes","Yes","Through work","Inconvenience","Reported to the police, who followed it through but no prosecution took place","USD 1,001 - 5,000"
"2017/12/07 10:47:47 pm GMT+3","ssejjungow@yahoo.com","Ssejjungo Willy","ssejjungow@yahoo.com","0706730110","Msk Computer Centre","21 - 100","Private Sector","Not at all concerned","Don’t know","Not much of an issue","Technology","2","4","3","6","4","1","Don't know","I do not keep up to date","Never","Yes","No","Yes","Yes","No","Loss of money","Did not report to the police","Don't know"
"2017/12/10 9:11:33 pm GMT+3","ibanah@gmail.com","Don Abalet Isaac","ibanah@gmail.com","0706154181","Advertising, Media and Graphic Solutions","101 - 500","Financial Services","Not at all concerned","By the Internet Service Provider","Has reduced in the past year","Business competition (sabotage, IP theft)","2","6","3","5","1","2","Don't know","Social media network contacts","Only if there is a problem","Yes","No","Yes","Yes","No","No effect","Reported to the police with no further action","Don't know"
"2017/12/10 9:14:51 pm GMT+3","kaysdorothy62@gmail.com","Dorothy","kaysdorothy62@gmail.com","0770517050","Regus","6 - 20","Private Sector","Extremely concerned","In-house by someone who is in charge of (security) policies on behalf of the organisation, e.g., a sysadmin?","Has grown/ increased in the last year","Technology;Security education, training and awareness;Business competition (sabotage, IP theft)","4","6","6","6","6","5","Vulnerability assessments","Generic newspapers and news broadcaster","Monthly","No","No","No","No","No","No effect","Did not report to the police","Don't know"
"2017/12/10 9:20:17 pm GMT+3","serumaandrew@gmail.com","Seruma Andrew Kizito","serumaandrew@gmail.com","0794107930/ 0752180255","NHK International, inc","6 - 20","Cyber Security Sector","Very concerned","I manage my own cyber security","Has not changed since last year","Lack of integrity (corruption)","","","1","","","","Audits","Consulting companies","Weekly","Yes","Yes","Yes","Yes","Personal capacity","No effect","Did not report to the police","Don't know"
"2017/12/10 9:31:04 pm GMT+3","krichban@jambotech.com","Bantaliza Erick","krichban@jambotech.com","075722257","Jambo Technology Centre","6 - 20","Professional Services","Extremely concerned","By the Internet Service Provider","Has grown/ increased in the last year","Technology;Security education, training and awareness;Lack of integrity (corruption)","1","2","2","2","6","6","Audits","Specialized news sources","Monthly","Yes","Yes","Yes","Yes","No","No effect","Did not report to the police","Don't know"
"2017/12/10 9:43:35 pm GMT+3","kwendibira@gmail.com","Jane Biira","kwendibira@gmail.com","0782566251","Kibuli Muslim Hospital","101 - 500","Healthcare Services","Very concerned","In-house CERT","Has not changed since last year","Technology;Security education, training and awareness","3","2","3","3","2","3","Penetration testing","Generic newspapers and news broadcaster","Never","No","No","No","No","No","No effect","Did not report to the police","Don't know"
"2017/12/10 9:47:21 pm GMT+3","damzain.paul9@gmail.com","Ddamulira Paul","damzain.paul9@gmail.com","0776504002","NIRA","501 - 1000","Government","Extremely concerned","In-house by someone who is in charge of (security) policies on behalf of the organisation, e.g., a sysadmin?","Has grown/ increased in the last year","Technology","6","2","6","6","6","6","Audits","Specialized news sources","Monthly","No","Yes","No","No","No","No effect","Did not report to the police","Don't know"
"2017/12/10 9:50:27 pm GMT+3","amunahrae@gmail.com","Mutesi Amunah","amunahrae@gmail.com","0788323142","NIRA","501 - 1000","Government","Extremely concerned","In-house by someone who is in charge of (security) policies on behalf of the organisation, e.g., a sysadmin?","Has grown/ increased in the last year","Technology;Security education, training and awareness;Lack of integrity (corruption)","","","","","","","Don't know","Specialized news sources","Weekly","No","No","No","Yes","No","No effect","Did not report to the police","Don't know"
"2017/12/10 9:54:24 pm GMT+3","david.mugumya@actionaid.org","David Mugumya","david.mugumya@actionaid.org","0772893375","Action Aid","101 - 500","Private Sector","Extremely concerned","In-house CERT","Has grown/ increased in the last year","Technology;Security education, training and awareness","1","2","3","2","4","3","Penetration testing;Vulnerability assessments;Audits","Generic newspapers and news broadcaster;Consulting companies","Never","No","No","No","No","No","No effect","Did not report to the police","Don't know"
"2017/12/10 9:59:36 pm GMT+3","namiirojackline@gmail.com","Jackline Namiiro","namiirojackline@gmail.com","0751977901","NIRA","1000+","Government","Extremely concerned","In-house by someone who is in charge of (security) policies on behalf of the organisation, e.g., a sysadmin?","Has grown/ increased in the last year","Security education, training and awareness;Economic interests(financial gain)","","5","","6","","6","Don't know","I do not keep up to date","Never","No","No","No","No","No","No effect","Did not report to the police","Don't know"
"2017/12/10 10:04:01 pm GMT+3","ronniedan96@gmail.com","Ronnie Dan","ronniedan96@gmail.com","0786019307","Makerere University","1000+","Academia","Very concerned","By the Internet Service Provider","Has grown/ increased in the last year","Technology","4","1","1","1","2","1","Vulnerability assessments","Generic newspapers and news broadcaster;Specialized news sources;Consulting companies;Outsourced services;Social media network contacts","Monthly","Yes","No","Yes","Yes","No","Loss of money;Down time;Inconvenience","Reported to the police, who contacted me/my organisation but no further action took place","Don't know"
"2017/12/10 10:07:28 pm GMT+3","kaweesiibrahim55@gmail.com","Kaweesi Ibrahim","kaweesiibrahim55@gmail.com","0754351154","Ndejje University","21 - 100","Academia","Moderately concerned","By the Internet Service Provider","Has grown/ increased in the last year","Technology;Economic interests(financial gain);Business competition (sabotage, IP theft)","6","6","6","6","6","6","Vulnerability assessments","Social media network contacts","Only if there is a problem","Yes","No","Yes","No","Personal capacity","Loss of money","Reported to the police with no further action","Don't know"
"2017/12/10 10:18:42 pm GMT+3","mwongefreeman@gmail.com","Mwonge Ashiraf","mwongefreeman@gmail.com","0785355025","Ndejje University","21 - 100","Academia","Extremely concerned","In-house by someone who is in charge of (security) policies on behalf of the organisation, e.g., a sysadmin?","Has reduced in the past year","Technology;Economic interests(financial gain);Business competition (sabotage, IP theft)","6","5","6","6","5","4","Penetration testing","I do not keep up to date","Monthly","Yes","Yes","Yes","Yes","Personal capacity","Loss of money","Reported to the police with no further action","USD 1,001 - 5,000"
"2017/12/10 10:26:48 pm GMT+3","sserwadafahadi@gmail.com","Atugonza L Eric","sserwadafahadi@gmail.com","0705983889","Ndejje University","21 - 100","Private Sector","Very concerned","I manage my own cyber security","Has not changed since last year","Business competition (sabotage, IP theft)","2","4","3","5","6","5","Penetration testing","Outsourced services","Monthly","Yes","Yes","No","No","Through work","Inconvenience","Reported to the police, who contacted me/my organisation but no further action took place","USD 0"
"2017/12/10 10:30:31 pm GMT+3","nuwamanyamudasiri@gmail.com","Nuwamanya Mudasiri","nuwamanyamudasiri@gmail.com","0705986367","Jess Records","6 - 20","Professional Services","Extremely concerned","In-house by someone who is in charge of (security) policies on behalf of the organisation, e.g., a sysadmin?","Has grown/ increased in the last year","Technology;Security education, training and awareness;Lack of integrity (corruption)","2","5","5","6","6","6","Penetration testing","Outsourced services","Weekly","No","No","Yes","Yes","No","No effect","Did not report to the police","USD 1 - 1,000"
"2017/12/10 10:36:16 pm GMT+3","kiwarg@gmail.com","Kiwanuka Edwad","kiwarg@gmail.com","0793372350","Midea Technologies","6 - 20","Professional Services","Extremely concerned","In-house by someone who is in charge of (security) policies on behalf of the organisation, e.g., a sysadmin?","Has grown/ increased in the last year","Technology;Security education, training and awareness;Business competition (sabotage, IP theft)","1","1","2","3","6","6","Penetration testing;Vulnerability assessments;Audits","Specialized news sources","Monthly","Yes","Yes","Yes","Yes","Through work","No effect","Reported to the police, who followed it through but no prosecution took place","USD 1 - 1,000"
"2017/12/10 10:40:16 pm GMT+3","recheal2@yahoo.com","Atwijukye Recheal","recheal2@yahoo.com","0759541463","Soft Tech Solution","1 - 5","Professional Services","Extremely concerned","In-house by someone who is in charge of (security) policies on behalf of the organisation, e.g., a sysadmin?","Has grown/ increased in the last year","Technology","1","2","3","4","4","3","Don't know","I do not keep up to date","Monthly","Yes","Yes","Yes","Yes","No","No effect","Did not report to the police","Don't know"
"2017/12/10 10:44:16 pm GMT+3","opnathan@gmail.com","Opio Nathan ","opnathan@gmail.com","07517278293","Case Clinic","101 - 500","Government","Extremely concerned","Don’t know","Not much of an issue","Technology","1","2","3","4","3","4","Penetration testing","I do not keep up to date","Only if there is a problem","No","No","No","No","No","No effect","Did not report to the police","Don't know"
"2017/12/10 10:47:36 pm GMT+3","kassimnsbg@gmail.com","Kassim Nsibuga","kassimnsbg@gmail.com","0773357991","Hidayah holdings limited","6 - 20","Private Sector","Slightly concerned","In-house by someone who is in charge of (security) policies on behalf of the organisation, e.g., a sysadmin?","Has grown/ increased in the last year","Technology;Economic interests(financial gain)","3","2","6","3","6","4","Vulnerability assessments","Outsourced services;Social media network contacts","Yearly","Yes","No","No","No","Through work","Inconvenience","Did not report to the police","USD 1 - 1,000"
"2017/12/10 10:51:20 pm GMT+3","misaac@i3c.co.ug","Musoke Isaac","misaac@i3c.co.ug","0417335050","Infinity Computers","21 - 100","Professional Services","Extremely concerned","In-house by someone who is in charge of (security) policies on behalf of the organisation, e.g., a sysadmin?","Has grown/ increased in the last year","Technology;Security education, training and awareness;Lack of integrity (corruption)","4","","3","5","4","4","Penetration testing;Vulnerability assessments","Generic newspapers and news broadcaster;Specialized news sources","Yearly","Yes","Yes","Yes","Yes","Personal capacity","Loss of money","Reported to the police with no further action","USD 0"
"2017/12/10 10:57:00 pm GMT+3","agrace@cls.ug","Ampeire Grace","agrace@cls.ug/ info@cls.ug","0772867672","CLS","21 - 100","Financial Services","Moderately concerned","In-house by someone who is in charge of (security) policies on behalf of the organisation, e.g., a sysadmin?","Not much of an issue","Technology","2","4","3","4","2","5","Penetration testing","I do not keep up to date","Yearly","Yes","Yes","No","Yes","Through work","Loss of money","Reported to the police, who contacted me/my organisation but no further action took place","USD 0"
"2017/12/10 11:02:14 pm GMT+3","N/A@gmail.com","N/A","N/A","N/A","Nakasero hospital","101 - 500","Healthcare Services","Extremely concerned","By the Internet Service Provider","Has grown/ increased in the last year","Economic interests(financial gain);Business competition (sabotage, IP theft)","2","4","6","5","6","5","Vulnerability assessments","Generic newspapers and news broadcaster;Social media network contacts","Only if there is a problem","No","Yes","No","No","No","","Did not report to the police","Don't know"
"2017/12/10 11:04:04 pm GMT+3","N/A@gmail.com","N/A","N/A","N/A","Nakasero hospital","101 - 500","Healthcare Services","Very concerned","By the Internet Service Provider","Has not changed since last year","Technology;Lack of integrity (corruption);Economic interests(financial gain)","5","5","6","5","6","6","Audits","I do not keep up to date","Only if there is a problem","No","No","Yes","Yes","Through work","Down time;Inconvenience","Did not report to the police","USD 0"
"2017/12/10 11:07:02 pm GMT+3","aryampak121@gmail.com","Aryampa Kenneth","aryampak121@gmail.com","0706350725","Ken Tech Solutions","1 - 5","Professional Services","Extremely concerned","Outsourced to an independent specialist or organisation","Has grown/ increased in the last year","Technology;Security education, training and awareness;Business competition (sabotage, IP theft)","2","1","2","6","6","5","Vulnerability assessments","Outsourced services","Monthly","Yes","Yes","Yes","Yes","No","No effect","Did not report to the police","Don't know"
"2017/12/10 11:09:03 pm GMT+3","N/A@gmail.com","N/A","N/A","N/A","N/A","6 - 20","Professional Services","Extremely concerned","In-house by someone who is in charge of (security) policies on behalf of the organisation, e.g., a sysadmin?","Has grown/ increased in the last year","Technology;Security education, training and awareness","1","2","3","2","2","3","Penetration testing","Generic newspapers and news broadcaster","Only if there is a problem","No","No","No","No","No","No effect","Did not report to the police","Don't know"
"2017/12/10 11:11:41 pm GMT+3","Lumujoshua@gmail.com","Lumu Joshua","Lumujoshua@gmail.com","077335158/ 0701335158","Mackinnon Suites","21 - 100","Professional Services","Very concerned","I manage my own cyber security","Has grown/ increased in the last year","Business competition (sabotage, IP theft)","","","","","","","Audits","I do not keep up to date","Yearly","Yes","No","Yes","No","Personal capacity","Inconvenience","Didn’t know how to report to the police","USD 0"
"2017/12/10 11:14:48 pm GMT+3","Samyu.barbra@jumia.com","Samyu Barbra","Samyu.barbra@jumia.com","N/A","Jumia Uganda/ Accountant","101 - 500","Private Sector","Not at all concerned","In-house by someone who is in charge of (security) policies on behalf of the organisation, e.g., a sysadmin?","Has grown/ increased in the last year","Technology;Security education, training and awareness","1","2","3","3","3","4","Penetration testing","Generic newspapers and news broadcaster","Monthly","Yes","No","No","No","No","No effect","Did not report to the police","Don't know"
"2017/12/10 11:18:50 pm GMT+3","ainebyozibat@gmail.com","Ainebyona Ozibat","ainebyozibat@gmail.com","0782057215","Divine Castle technology Solutions","1 - 5","Private Sector","Extremely concerned","In-house by someone who is in charge of (security) policies on behalf of the organisation, e.g., a sysadmin?","Has not changed since last year","Technology;Security education, training and awareness;Economic interests(financial gain)","6","6","6","6","6","6","Audits","Specialized news sources","Yearly","Yes","Yes","Yes","Yes","No","No effect","Did not report to the police","Don't know"
"2017/12/10 11:20:46 pm GMT+3","N/A@gmail.com","K. Alice","N/A","N/A","N/A","501 - 1000","Banking","Extremely concerned","In-house by someone who is in charge of (security) policies on behalf of the organisation, e.g., a sysadmin?","Has grown/ increased in the last year","Technology","1","3","2","3","4","3","Penetration testing;Vulnerability assessments","Generic newspapers and news broadcaster","Yearly","Yes","Yes","Yes","Yes","Personal capacity","Loss of money","Reported to the police with no further action","USD 1,001 - 5,000"
"2017/12/10 11:22:44 pm GMT+3","N/A@gmail.com","N/A","N/A","N/A","","501 - 1000","Banking","Very concerned","In-house by someone who is in charge of (security) policies on behalf of the organisation, e.g., a sysadmin?","Has grown/ increased in the last year","Technology","1","3","2","3","2","3","Penetration testing;Vulnerability assessments","Generic newspapers and news broadcaster","Monthly","Yes","Yes","Yes","Yes","Personal capacity","Loss of money;Down time","Did not report to the police","USD 0"
"2017/12/10 11:24:23 pm GMT+3","N/A@gmail.com","N/A","N/A","N/A","N/A","101 - 500","Banking","Extremely concerned","In-house CERT","Has grown/ increased in the last year","Business competition (sabotage, IP theft)","1","4","2","3","3","4","Penetration testing;Vulnerability assessments","I do not keep up to date","Only if there is a problem","No","No","No","No","No","No effect","Did not report to the police","Don't know"
"2017/12/10 11:40:56 pm GMT+3","Baaleken@yahoo.com","Baale Ken","Baaleken@yahoo.com","0782020215","Datamet Links","6 - 20","Telecommunication","Extremely concerned","In-house by someone who is in charge of (security) policies on behalf of the organisation, e.g., a sysadmin?","Has grown/ increased in the last year","Technology;Security education, training and awareness;Economic interests(financial gain);Business competition (sabotage, IP theft)","1","3","6","3","6","6","Penetration testing;Vulnerability assessments;Audits","Social media network contacts","Monthly","Yes","Yes","Yes","Yes","No","No effect","Did not report to the police","USD 1 - 1,000"
"2017/12/11 12:07:41 am GMT+3","mmoses@jelui.ug","Mbazi Moses","mmoses@jelui.ug","0772898442","Jelui Tours and Travel","6 - 20","Private Sector","Very concerned","Outsourced to an independent specialist or organisation","Has grown/ increased in the last year","Technology;Security education, training and awareness;Economic interests(financial gain)","4","4","3","6","6","6","Penetration testing;Vulnerability assessments;Audits","Generic newspapers and news broadcaster;Specialized news sources","Monthly","Yes","Yes","Yes","Yes","No","No effect","Did not report to the police","USD 1 - 1,000"
"2017/12/11 12:10:54 am GMT+3","hanningtonbwambale44@gmail.com","Bwambale Hannington","hanningtonbwambale44@gmail.com","0771307091/ 0752443035","Think Technology Solutions","6 - 20","Professional Services","Extremely concerned","Outsourced to an independent specialist or organisation","Has grown/ increased in the last year","Technology;Security education, training and awareness;Economic interests(financial gain)","5","1","6","6","6","6","Penetration testing;Vulnerability assessments;Audits","Consulting companies;Outsourced services","Weekly","Yes","Yes","Yes","Yes","No","No effect","Did not report to the police","USD 1 - 1,000"
"2017/12/11 12:14:13 am GMT+3","kevelyn@asg.ug","Kyohirwa Evelyn","kevelyn@asg.ug","0312202865","ASG","6 - 20","Telecommunication","Extremely concerned","I manage my own cyber security","Has grown/ increased in the last year","Technology;Security education, training and awareness;Business competition (sabotage, IP theft)","1","4","4","5","5","4","Penetration testing;Vulnerability assessments;Audits","Specialized news sources","Never","Yes","Yes","Yes","Yes","No","Loss of money","Reported to the police with no further action","USD 1 - 1,000"
"2018/03/27 9:43:50 am GMT+3","edson.gmax.ahimbisibwe@gmail.com","ahimbisibwe","edson.gmax.ahimbisibwe@gmail.com","+256755907721","think technology solutions","6 - 20","Professional Services","Extremely concerned","In-house by someone who is in charge of (security) policies on behalf of the organisation, e.g., a sysadmin?","Has grown/ increased in the last year","Security education, training and awareness","4","5","4","5","5","5","Penetration testing","Specialized news sources","Weekly","Yes","Yes","Yes","Yes","No","No effect","Did not report to the police","USD 1,001 - 5,000"
"2018/08/17 10:06:14 am GMT+3","john.smith@jogh.be","John Smith","","","","1 - 5","Government","Extremely concerned","","Has grown/ increased in the last year","Technology","","","","","","","Penetration testing","Generic newspapers and news broadcaster","Monthly","Yes","Yes","Yes","Yes","Personal capacity","","","USD 1 - 1,000"