"Email Address","First Name","Last Name",MEMBER_RATING,OPTIN_TIME,OPTIN_IP,CONFIRM_TIME,CONFIRM_IP,LATITUDE,LONGITUDE,GMTOFF,DSTOFF,TIMEZONE,CC,REGION,CLEAN_TIME,CLEAN_CAMPAIGN_TITLE,CLEAN_CAMPAIGN_ID,LEID,EUID,NOTES
achebii@co-opbank.co.ke,,,1,"2017-11-08 04:59:44",,"2017-11-08 04:59:44",,,,,,,,,"2017-11-08 05:40:40","Serianu CyberThreat Alert Service",7ee26eea61,80090075,f46434d74a,
jerim.maguire@equitybank.co.ke,,,1,"2017-11-08 04:59:44",,"2017-11-08 04:59:44",,,,,,,,,"2017-11-08 05:40:42","Serianu CyberThreat Alert Service",7ee26eea61,80090283,8d2744dd5d,
Pamela.kiarie@embu.go.ke,,,1,"2017-11-08 04:59:45",,"2017-11-08 04:59:45",,,,,,,,,"2018-02-05 11:02:38","Serianu CyberThreat Alert Service",1168557f3f,80090427,55e1d7722f,
pkmwangi@icdc.co.ke,,,1,"2017-11-08 04:59:45",,"2017-11-08 04:59:45",,,,,,,,,"2018-03-05 06:23:39","SERIANU CYBER THREAT ALERT SERVICE - FEBRUARY",ee6b0bfb93,80090455,6f770781e4,
deborah.ssempasa@business-sweden.se,,,1,"2017-11-08 04:59:44",,"2017-11-08 04:59:44",,,,,,,,,"2018-05-14 10:58:02","Serianu Cybersecurity Training Calendar",ee24d3c1ba,80090151,1e65ccf970,
james.muritu@jubileekenya.com,,,1,"2017-11-08 04:59:44",,"2017-11-08 04:59:44",,,,,,,,,"2018-05-14 11:00:10","Serianu Cybersecurity Training Calendar",ee24d3c1ba,80090271,c1e7270b0f,
sachin.samanp@jubileekenya.com,,,1,"2018-05-09 00:48:58",,"2018-05-09 00:48:58",197.248.110.210,,,,,,,,"2018-05-14 11:00:09","Serianu Cybersecurity Training Calendar",ee24d3c1ba,86345403,9810af7e1e,
n.langat@kemri.go.ke,,,1,"2017-11-08 04:59:45",,"2017-11-08 04:59:45",,,,,,,,,"2018-07-09 01:42:13","Serianu Cyber-Threat Monthly Alert",6a3b8922f9,80090371,cec7012d75,
rshibutse@mwalimunationalsacco.coop,,,1,"2017-11-08 04:59:45",,"2017-11-08 04:59:45",,,,,,,,,"2018-07-09 01:42:02","Serianu Cyber-Threat Monthly Alert",6a3b8922f9,80090483,4af70b5d9c,
evalyne.mwai@gab.co.ke,,,1,"2017-11-08 04:59:44",,"2017-11-08 04:59:44",,,,,,,,,"2018-09-10 01:26:59","Monthly Cyber Threat Alert",b54ed84b09,80090191,1675c79957,
kipsatsk@postbank.co.ke,,,1,"2017-11-08 04:59:45",,"2017-11-08 04:59:45",,,,,,,,,"2018-09-10 01:27:20","Monthly Cyber Threat Alert",b54ed84b09,80090323,4fa2298e0f,
omwoyojm@postbank.co.ke,,,1,"2017-11-08 04:59:45",,"2017-11-08 04:59:45",,,,,,,,,"2018-09-10 01:26:54","Monthly Cyber Threat Alert",b54ed84b09,80090415,26d6b016e3,
Paul.Ingari@serianu.com,Paul,Ingari,1,"2018-02-05 10:46:22",,"2018-02-05 10:46:22",41.206.50.126,,,,,,,,"2018-09-10 01:27:20","Monthly Cyber Threat Alert",b54ed84b09,83332083,688a164bdb,
Kathleen.Murungi@spirebank.co.ke,,,1,"2017-11-08 04:59:45",,"2017-11-08 04:59:45",,,,,,,,,"2018-10-29 15:46:03","Penetration Testing Training (Nov 12-16)",c3f3d0d98e,80090359,953b44beae,
pthiga@dtbafrica.com,,,1,"2017-11-08 04:59:45",,"2017-11-08 04:59:45",,,,,,,,,"2018-10-31 03:46:02","Penetration Testing Training (Nov 12-16)",c3f3d0d98e,80090467,2c4cd0689d,
bsitamulalzo@deloitte.com,,,1,"2018-12-23 01:10:28",,"2018-12-23 01:10:28",197.237.107.4,,,,,,,,"2018-12-23 01:20:10","Phishing Attack Targeting African Organisations",653aa27622,92781091,c48541ff34,
ellyzoivih@yahoo.com,,,1,"2018-12-23 01:10:28",,"2018-12-23 01:10:28",197.237.107.4,,,,,,,,"2018-12-23 01:22:02","Phishing Attack Targeting African Organisations",653aa27622,92781119,799e4ae874,
wandeyuacn@gmail.com,,,1,"2018-12-23 01:12:08",,"2018-12-23 01:12:08",,,,,,,,,"2018-12-23 01:20:03","Phishing Attack Targeting African Organisations",653aa27622,92781203,7f06377bc1,
sthiongo05@gmail.com,,,1,"2018-12-23 01:12:08",,"2018-12-23 01:12:08",,,,,,,,,"2018-12-23 01:20:04","Phishing Attack Targeting African Organisations",653aa27622,92781207,8379eaf841,
anthony.muiyuru@ke.ey.com,,,1,"2018-12-23 01:12:08",,"2018-12-23 01:12:08",,,,,,,,,"2018-12-23 01:20:11","Phishing Attack Targeting African Organisations",653aa27622,92781231,bccf9a7233,
wilfredkabathi@krc.co.ke,,,1,"2018-12-23 01:12:08",,"2018-12-23 01:12:08",,,,,,,,,"2018-12-23 01:20:11","Phishing Attack Targeting African Organisations",653aa27622,92781287,30169a4508,
isaac.rongocho@abcthebank.com,,,1,"2018-12-23 01:12:08",,"2018-12-23 01:12:08",,,,,,,,,"2018-12-23 01:20:06","Phishing Attack Targeting African Organisations",653aa27622,92781291,2b091c1615,
jerome.muirurui@gmail.com,,,1,"2018-12-23 01:12:08",,"2018-12-23 01:12:08",,,,,,,,,"2018-12-23 01:20:04","Phishing Attack Targeting African Organisations",653aa27622,92781359,e36c1d7b65,
cto@the-infosec.com,,,1,"2018-12-23 01:12:08",,"2018-12-23 01:12:08",,,,,,,,,"2018-12-23 01:20:04","Phishing Attack Targeting African Organisations",653aa27622,92781379,c3c5f24a55,
_@gmail.com,,,1,"2018-12-23 01:12:08",,"2018-12-23 01:12:08",,,,,,,,,"2018-12-23 01:20:03","Phishing Attack Targeting African Organisations",653aa27622,92781407,c83ef49567,
kipchirchiromoses@gmail.com,,,1,"2018-12-23 01:12:08",,"2018-12-23 01:12:08",,,,,,,,,"2018-12-23 01:20:10","Phishing Attack Targeting African Organisations",653aa27622,92781419,b61794fc9f,
enambuko@gmail.com,,,1,"2018-12-23 01:12:09",,"2018-12-23 01:12:09",,,,,,,,,"2018-12-23 01:20:08","Phishing Attack Targeting African Organisations",653aa27622,92781515,10d407f0cf,
chereiyoteric91@gmail.com,,,1,"2018-12-23 01:12:09",,"2018-12-23 01:12:09",,,,,,,,,"2018-12-23 01:20:08","Phishing Attack Targeting African Organisations",653aa27622,92781599,a8892a3a91,
muriudavie@gmail.com,,,1,"2018-12-23 01:12:09",,"2018-12-23 01:12:09",,,,,,,,,"2018-12-23 01:20:06","Phishing Attack Targeting African Organisations",653aa27622,92781607,800e6becfc,
_@email.com,,,1,"2018-12-23 01:12:09",,"2018-12-23 01:12:09",,,,,,,,,"2018-12-23 01:20:11","Phishing Attack Targeting African Organisations",653aa27622,92781647,5d9c9011f9,
bukoladolarewaju@gmail.com,,,1,"2018-12-23 01:17:22",,"2018-12-23 01:17:22",,,,,,,,,"2018-12-23 01:20:02","Phishing Attack Targeting African Organisations",653aa27622,92781743,5c3396ae55,
ohanugojohna@yahoo.com,,,1,"2018-12-23 01:17:23",,"2018-12-23 01:17:23",,,,,,,,,"2018-12-23 01:20:09","Phishing Attack Targeting African Organisations",653aa27622,92781807,6ef8d93943,
beusoaetimah@yahoo.com,,,1,"2018-12-23 01:17:23",,"2018-12-23 01:17:23",,,,,,,,,"2018-12-23 01:20:10","Phishing Attack Targeting African Organisations",653aa27622,92781847,57cdf23f88,
thinkenquiry@yahoo.com,,,1,"2018-12-23 01:17:23",,"2018-12-23 01:17:23",,,,,,,,,"2018-12-23 01:20:07","Phishing Attack Targeting African Organisations",653aa27622,92781859,a1d99506fe,
olahyeng@gmail.com,,,1,"2018-12-23 01:17:23",,"2018-12-23 01:17:23",,,,,,,,,"2018-12-23 01:20:11","Phishing Attack Targeting African Organisations",653aa27622,92781871,02c40f4869,
ludyzhusumount@gmail.com,,,1,"2018-12-23 01:17:23",,"2018-12-23 01:17:23",,,,,,,,,"2018-12-23 01:20:11","Phishing Attack Targeting African Organisations",653aa27622,92781891,f1a7a0fc8e,
alice1119890416@gmail.com,,,1,"2018-12-23 01:17:23",,"2018-12-23 01:17:23",,,,,,,,,"2018-12-23 01:20:05","Phishing Attack Targeting African Organisations",653aa27622,92781895,f12331661a,
jayromel16@gmail.com,,,1,"2018-12-23 01:17:23",,"2018-12-23 01:17:23",,,,,,,,,"2018-12-23 01:20:07","Phishing Attack Targeting African Organisations",653aa27622,92781915,7656980996,
trusttpdbd@gmail.com,,,1,"2018-12-23 01:17:23",,"2018-12-23 01:17:23",,,,,,,,,"2018-12-23 01:20:05","Phishing Attack Targeting African Organisations",653aa27622,92781939,0fdda77b20,
deborahhnbc@hmail.com,,,1,"2018-12-23 01:17:23",,"2018-12-23 01:17:23",,,,,,,,,"2018-12-23 01:22:02","Phishing Attack Targeting African Organisations",653aa27622,92781955,cdf4eb9479,
linnyminiyi214@gmail.com,,,1,"2018-12-23 01:17:23",,"2018-12-23 01:17:23",,,,,,,,,"2018-12-23 01:20:07","Phishing Attack Targeting African Organisations",653aa27622,92781959,e77deb8a90,
nelsanpeace@gmail.com,,,1,"2018-12-23 01:17:23",,"2018-12-23 01:17:23",,,,,,,,,"2018-12-23 01:20:11","Phishing Attack Targeting African Organisations",653aa27622,92781979,763137ccc5,
jfred@tts-nigeria.com,,,1,"2018-12-23 01:17:23",,"2018-12-23 01:17:23",,,,,,,,,"2018-12-23 01:20:04","Phishing Attack Targeting African Organisations",653aa27622,92781987,3e66fefe33,
chuksmove@yahoo.com,,,1,"2018-12-23 01:17:23",,"2018-12-23 01:17:23",,,,,,,,,"2018-12-23 01:20:06","Phishing Attack Targeting African Organisations",653aa27622,92782023,9cb99e1c88,
akanjimojeed@gmail.com,,,1,"2018-12-23 01:17:23",,"2018-12-23 01:17:23",,,,,,,,,"2018-12-23 01:20:06","Phishing Attack Targeting African Organisations",653aa27622,92782027,27776f7768,
1olaoluwa1michealfadeyi1@gmail.com,,,1,"2018-12-23 01:17:23",,"2018-12-23 01:17:23",,,,,,,,,"2018-12-23 01:20:06","Phishing Attack Targeting African Organisations",653aa27622,92782031,e19136e524,
fortuneshyme@gmail.com,,,1,"2018-12-23 01:17:23",,"2018-12-23 01:17:23",,,,,,,,,"2018-12-23 01:20:02","Phishing Attack Targeting African Organisations",653aa27622,92782047,e9149c7636,
junkky2000@yahoo.com,,,1,"2018-12-23 01:17:23",,"2018-12-23 01:17:23",,,,,,,,,"2018-12-23 01:20:12","Phishing Attack Targeting African Organisations",653aa27622,92782055,8d1ed4abe8,
suleimany445@gmail.com,,,1,"2018-12-23 01:17:23",,"2018-12-23 01:17:23",,,,,,,,,"2018-12-23 01:20:05","Phishing Attack Targeting African Organisations",653aa27622,92782067,d873eefa69,
bassyjohmedet@yahoo.com,,,1,"2018-12-23 01:17:23",,"2018-12-23 01:17:23",,,,,,,,,"2018-12-23 01:20:10","Phishing Attack Targeting African Organisations",653aa27622,92782071,134ef90898,
anyingazi@gmail.com,,,1,"2018-12-23 01:17:23",,"2018-12-23 01:17:23",,,,,,,,,"2018-12-23 01:20:02","Phishing Attack Targeting African Organisations",653aa27622,92782075,1350ee4d8b,
jadesola@skoolmedia.org,,,1,"2018-12-23 01:17:23",,"2018-12-23 01:17:23",,,,,,,,,"2018-12-23 01:22:02","Phishing Attack Targeting African Organisations",653aa27622,92782079,8290643155,
obayedotun@gmail.com,,,1,"2018-12-23 01:17:23",,"2018-12-23 01:17:23",,,,,,,,,"2018-12-23 01:20:09","Phishing Attack Targeting African Organisations",653aa27622,92782099,09e37f4b6c,
jude.ozineghe@vaultbridge.org,,,1,"2018-12-23 01:17:23",,"2018-12-23 01:17:23",,,,,,,,,"2018-12-23 01:20:03","Phishing Attack Targeting African Organisations",653aa27622,92782107,f1d8fc6bdb,
mezue@gmail.com,,,1,"2018-12-23 01:17:24",,"2018-12-23 01:17:24",,,,,,,,,"2018-12-23 01:20:10","Phishing Attack Targeting African Organisations",653aa27622,92782147,8dbf5d3920,
peterolukqi@gmail.com,,,1,"2018-12-23 01:17:24",,"2018-12-23 01:17:24",,,,,,,,,"2018-12-23 01:20:03","Phishing Attack Targeting African Organisations",653aa27622,92782151,7172fc0399,
nkobiagwu@yahoo.com,,,1,"2018-12-23 01:17:24",,"2018-12-23 01:17:24",,,,,,,,,"2018-12-23 01:22:02","Phishing Attack Targeting African Organisations",653aa27622,92782159,52a4738322,
kaneekwe@edubridge.info,,,1,"2018-12-23 01:17:24",,"2018-12-23 01:17:24",,,,,,,,,"2018-12-23 01:20:08","Phishing Attack Targeting African Organisations",653aa27622,92782163,7e888e7c26,
alisigiwe@simba.com.ng,,,1,"2018-12-23 01:17:24",,"2018-12-23 01:17:24",,,,,,,,,"2018-12-23 01:20:02","Phishing Attack Targeting African Organisations",653aa27622,92782167,91916ef433,
emypitan@gmail.com,,,1,"2018-12-23 01:17:24",,"2018-12-23 01:17:24",,,,,,,,,"2018-12-23 01:20:11","Phishing Attack Targeting African Organisations",653aa27622,92782175,bdd848d884,
oluwaufemi.a@grgbanking.com,,,1,"2018-12-23 01:17:24",,"2018-12-23 01:17:24",,,,,,,,,"2018-12-23 01:22:02","Phishing Attack Targeting African Organisations",653aa27622,92782183,3ec730b4ff,
stellasawyer.nipr@gmail.com,,,1,"2018-12-23 01:17:24",,"2018-12-23 01:17:24",,,,,,,,,"2018-12-23 01:20:06","Phishing Attack Targeting African Organisations",653aa27622,92782203,a0af2d3c7b,
micheal.nagenda@vaultbridge.com,,,1,"2018-12-23 01:17:24",,"2018-12-23 01:17:24",,,,,,,,,"2018-12-23 01:20:12","Phishing Attack Targeting African Organisations",653aa27622,92782207,73068ced23,
1mail@yahoo.com,,,1,"2018-12-23 01:17:24",,"2018-12-23 01:17:24",,,,,,,,,"2018-12-23 01:20:03","Phishing Attack Targeting African Organisations",653aa27622,92782243,2ce1fd19a2,
2mail@yahoo.com,,,1,"2018-12-23 01:17:24",,"2018-12-23 01:17:24",,,,,,,,,"2018-12-23 01:20:11","Phishing Attack Targeting African Organisations",653aa27622,92782247,5db06caeac,
3mail@yahoo.com,,,1,"2018-12-23 01:17:24",,"2018-12-23 01:17:24",,,,,,,,,"2018-12-23 01:20:10","Phishing Attack Targeting African Organisations",653aa27622,92782251,cd64860786,
4mail@yahoo.com,,,1,"2018-12-23 01:17:24",,"2018-12-23 01:17:24",,,,,,,,,"2018-12-23 01:22:02","Phishing Attack Targeting African Organisations",653aa27622,92782255,65c13c9d06,
5mail@yahoo.com,,,1,"2018-12-23 01:17:24",,"2018-12-23 01:17:24",,,,,,,,,"2018-12-23 01:20:09","Phishing Attack Targeting African Organisations",653aa27622,92782259,f91c354275,
6mail@yahoo.com,,,1,"2018-12-23 01:17:24",,"2018-12-23 01:17:24",,,,,,,,,"2018-12-23 01:20:08","Phishing Attack Targeting African Organisations",653aa27622,92782263,cb6d2863b8,
emma.oj@gmail.com,,,1,"2018-12-23 01:17:24",,"2018-12-23 01:17:24",,,,,,,,,"2018-12-23 01:20:08","Phishing Attack Targeting African Organisations",653aa27622,92782283,0a7ed977cb,
danieliyoha@yahoo.com,,,1,"2018-12-23 01:17:24",,"2018-12-23 01:17:24",,,,,,,,,"2018-12-23 01:20:08","Phishing Attack Targeting African Organisations",653aa27622,92782303,c20cc13ca1,
johnsonemeuga@gmail.com,,,1,"2018-12-23 01:17:24",,"2018-12-23 01:17:24",,,,,,,,,"2018-12-23 01:20:08","Phishing Attack Targeting African Organisations",653aa27622,92782307,34d5dcd310,
triosednigeria@yahoo.com,,,1,"2018-12-23 01:17:24",,"2018-12-23 01:17:24",,,,,,,,,"2018-12-23 01:20:09","Phishing Attack Targeting African Organisations",653aa27622,92782319,8ba346538a,
orudeoke@gmail.com,,,1,"2018-12-23 01:17:24",,"2018-12-23 01:17:24",,,,,,,,,"2018-12-23 01:20:10","Phishing Attack Targeting African Organisations",653aa27622,92782323,ed20cce2f6,
jt58@gmail.com,,,1,"2018-12-23 01:17:24",,"2018-12-23 01:17:24",,,,,,,,,"2018-12-23 01:20:09","Phishing Attack Targeting African Organisations",653aa27622,92782371,193fd57069,
samjbawa@gmail.com,,,1,"2018-12-23 01:17:24",,"2018-12-23 01:17:24",,,,,,,,,"2018-12-23 01:20:09","Phishing Attack Targeting African Organisations",653aa27622,92782375,c52a3926f5,
chimmyzo@gmail.com,,,1,"2018-12-23 01:17:24",,"2018-12-23 01:17:24",,,,,,,,,"2018-12-23 01:20:10","Phishing Attack Targeting African Organisations",653aa27622,92782387,ace907edd3,
olurratobifayomi@gmail.com,,,1,"2018-12-23 01:17:24",,"2018-12-23 01:17:24",,,,,,,,,"2018-12-23 01:20:03","Phishing Attack Targeting African Organisations",653aa27622,92782423,0d0b9866ea,
opitochibuzo@yahoo.com,,,1,"2018-12-23 01:17:25",,"2018-12-23 01:17:25",,,,,,,,,"2018-12-23 01:20:07","Phishing Attack Targeting African Organisations",653aa27622,92782427,08de0412af,
demkintegrated@gmail.com,,,1,"2018-12-23 01:17:25",,"2018-12-23 01:17:25",,,,,,,,,"2018-12-23 01:20:09","Phishing Attack Targeting African Organisations",653aa27622,92782443,1bfbe8d521,
blessingobonwho@gmail.com,,,1,"2018-12-23 01:17:25",,"2018-12-23 01:17:25",,,,,,,,,"2018-12-23 01:20:04","Phishing Attack Targeting African Organisations",653aa27622,92782451,0985b67530,
cyriacusmnaji2015@gmail.com,,,1,"2018-12-23 01:17:25",,"2018-12-23 01:17:25",,,,,,,,,"2018-12-23 01:20:10","Phishing Attack Targeting African Organisations",653aa27622,92782463,1a982ab060,
joyce.ekeh@fpg.com,,,1,"2018-12-23 01:17:25",,"2018-12-23 01:17:25",,,,,,,,,"2018-12-23 01:20:05","Phishing Attack Targeting African Organisations",653aa27622,92782471,aa3f129a17,
fafanja67@yahoo.com,,,1,"2018-12-23 01:17:25",,"2018-12-23 01:17:25",,,,,,,,,"2018-12-23 01:20:05","Phishing Attack Targeting African Organisations",653aa27622,92782475,ea7a9d2979,
tonyon874@gmail.com,,,1,"2018-12-23 01:17:25",,"2018-12-23 01:17:25",,,,,,,,,"2018-12-23 01:20:07","Phishing Attack Targeting African Organisations",653aa27622,92782483,2d9725c03c,
augustus.ebtwmielen@gmail.com,,,1,"2018-12-23 01:17:25",,"2018-12-23 01:17:25",,,,,,,,,"2018-12-23 01:20:05","Phishing Attack Targeting African Organisations",653aa27622,92782487,654106786b,
fikioghene@yahoo.com,,,1,"2018-12-23 01:17:25",,"2018-12-23 01:17:25",,,,,,,,,"2018-12-23 01:20:06","Phishing Attack Targeting African Organisations",653aa27622,92782499,cf5c6eb66a,
elijanotobu.s@gmail.com,,,1,"2018-12-23 01:17:25",,"2018-12-23 01:17:25",,,,,,,,,"2018-12-23 01:20:08","Phishing Attack Targeting African Organisations",653aa27622,92782539,9930f9532a,
kokodewo@yahoo.com,,,1,"2018-12-23 01:17:25",,"2018-12-23 01:17:25",,,,,,,,,"2018-12-23 01:20:12","Phishing Attack Targeting African Organisations",653aa27622,92782547,5d6d84fbb5,
josephjiu15@yahoo.com,,,1,"2018-12-23 01:17:25",,"2018-12-23 01:17:25",,,,,,,,,"2018-12-23 01:20:12","Phishing Attack Targeting African Organisations",653aa27622,92782551,3d6aaee41a,
info@purview.com,,,1,"2018-12-23 01:17:25",,"2018-12-23 01:17:25",,,,,,,,,"2018-12-23 01:22:01","Phishing Attack Targeting African Organisations",653aa27622,92782559,67e2e9823a,
prasheel.gawvali@technotree.com,,,1,"2018-12-23 01:17:25",,"2018-12-23 01:17:25",,,,,,,,,"2018-12-23 01:20:07","Phishing Attack Targeting African Organisations",653aa27622,92782583,2fd4b67247,
